Update,fmt/1,Dr2 3047 allow multiple sources in certain fields
Update,x-fmt/1,Dr2 3047 allow multiple sources in certain fields
Update,fmt/2,Dr2 3047 allow multiple sources in certain fields
Update,x-fmt/2,Dr2 3047 allow multiple sources in certain fields
Update,fmt/3,Dr2 3047 allow multiple sources in certain fields
Update,x-fmt/3,Dr2 3047 allow multiple sources in certain fields
Update,fmt/4,Dr2 3047 allow multiple sources in certain fields
Update,x-fmt/4,Dr2 3047 allow multiple sources in certain fields
Update,fmt/5,Dr2 3047 allow multiple sources in certain fields
Update,x-fmt/5,Dr2 3047 allow multiple sources in certain fields
Update,fmt/6,Dr2 3047 allow multiple sources in certain fields
Update,x-fmt/6,Dr2 3047 allow multiple sources in certain fields
Update,fmt/7,Dr2 3047 allow multiple sources in certain fields
Update,x-fmt/7,Dr2 3047 allow multiple sources in certain fields
Update,fmt/8,Dr2 3047 allow multiple sources in certain fields
Update,x-fmt/8,Dr2 3047 allow multiple sources in certain fields
Update,fmt/9,Dr2 3047 allow multiple sources in certain fields
Update,x-fmt/9,Dr2 3047 allow multiple sources in certain fields
Update,fmt/10,Dr2 3047 allow multiple sources in certain fields
Update,x-fmt/10,Dr2 3047 allow multiple sources in certain fields
Update,fmt/11,Dr2 3047 allow multiple sources in certain fields
Update,x-fmt/11,Dr2 3047 allow multiple sources in certain fields
Update,fmt/12,Dr2 3047 allow multiple sources in certain fields
Update,x-fmt/12,Dr2 3047 allow multiple sources in certain fields
Update,fmt/13,Dr2 3047 allow multiple sources in certain fields
Update,x-fmt/13,Dr2 3047 allow multiple sources in certain fields
Update,fmt/14,Dr2 3047 allow multiple sources in certain fields
Update,x-fmt/14,Dr2 3047 allow multiple sources in certain fields
Update,fmt/15,Dr2 3047 allow multiple sources in certain fields
Update,x-fmt/15,Dr2 3047 allow multiple sources in certain fields
Update,fmt/16,Dr2 3047 allow multiple sources in certain fields
Update,x-fmt/16,Dr2 3047 allow multiple sources in certain fields
Update,fmt/17,Dr2 3047 allow multiple sources in certain fields
Update,x-fmt/17,Dr2 3047 allow multiple sources in certain fields
Update,fmt/18,Dr2 3047 allow multiple sources in certain fields
Update,x-fmt/18,Dr2 3047 allow multiple sources in certain fields
Update,fmt/19,Dr2 3047 allow multiple sources in certain fields
Update,x-fmt/19,Dr2 3047 allow multiple sources in certain fields
Update,fmt/20,Dr2 3047 allow multiple sources in certain fields
Update,x-fmt/20,Dr2 3047 allow multiple sources in certain fields
Update,fmt/21,Dr2 3047 allow multiple sources in certain fields
Update,x-fmt/21,Dr2 3047 allow multiple sources in certain fields
Update,fmt/22,Dr2 3047 allow multiple sources in certain fields
Update,x-fmt/22,Dr2 3047 allow multiple sources in certain fields
Update,fmt/23,Dr2 3047 allow multiple sources in certain fields
Update,x-fmt/23,Dr2 3047 allow multiple sources in certain fields
Update,fmt/24,Dr2 3047 allow multiple sources in certain fields
Update,x-fmt/24,Dr2 3047 allow multiple sources in certain fields
Update,fmt/25,Dr2 3047 allow multiple sources in certain fields
Update,x-fmt/25,Dr2 3047 allow multiple sources in certain fields
Update,fmt/26,Dr2 3047 allow multiple sources in certain fields
Update,x-fmt/26,Dr2 3047 allow multiple sources in certain fields
Update,fmt/27,Dr2 3047 allow multiple sources in certain fields
Update,x-fmt/27,Dr2 3047 allow multiple sources in certain fields
Update,fmt/28,Dr2 3047 allow multiple sources in certain fields
Update,x-fmt/28,Dr2 3047 allow multiple sources in certain fields
Update,fmt/29,Dr2 3047 allow multiple sources in certain fields
Update,x-fmt/29,Dr2 3047 allow multiple sources in certain fields
Update,fmt/30,Dr2 3047 allow multiple sources in certain fields
Update,x-fmt/30,Dr2 3047 allow multiple sources in certain fields
Update,fmt/31,Dr2 3047 allow multiple sources in certain fields
Update,x-fmt/31,Dr2 3047 allow multiple sources in certain fields
Update,fmt/32,Dr2 3047 allow multiple sources in certain fields
Update,x-fmt/32,Dr2 3047 allow multiple sources in certain fields
Update,fmt/33,Dr2 3047 allow multiple sources in certain fields
Update,x-fmt/33,Dr2 3047 allow multiple sources in certain fields
Update,fmt/34,Dr2 3047 allow multiple sources in certain fields
Update,x-fmt/34,Dr2 3047 allow multiple sources in certain fields
Update,fmt/35,Dr2 3047 allow multiple sources in certain fields
Update,x-fmt/35,Dr2 3047 allow multiple sources in certain fields
Update,fmt/36,Dr2 3047 allow multiple sources in certain fields
Update,x-fmt/36,Dr2 3047 allow multiple sources in certain fields
Update,fmt/37,Dr2 3047 allow multiple sources in certain fields
Update,x-fmt/37,Dr2 3047 allow multiple sources in certain fields
Update,fmt/38,Dr2 3047 allow multiple sources in certain fields
Update,x-fmt/38,Dr2 3047 allow multiple sources in certain fields
Update,fmt/39,Dr2 3047 allow multiple sources in certain fields
Update,x-fmt/39,Dr2 3047 allow multiple sources in certain fields
Update,fmt/40,Dr2 3047 allow multiple sources in certain fields
Update,x-fmt/40,Dr2 3047 allow multiple sources in certain fields
Update,fmt/41,Dr2 3047 allow multiple sources in certain fields
Update,x-fmt/41,Dr2 3047 allow multiple sources in certain fields
Update,fmt/42,Dr2 3047 allow multiple sources in certain fields
Update,x-fmt/42,Dr2 3047 allow multiple sources in certain fields
Update,fmt/43,Dr2 3047 allow multiple sources in certain fields
Update,x-fmt/43,Dr2 3047 allow multiple sources in certain fields
Update,fmt/44,Dr2 3047 allow multiple sources in certain fields
Update,x-fmt/44,Dr2 3047 allow multiple sources in certain fields
Update,fmt/45,Dr2 3047 allow multiple sources in certain fields
Update,x-fmt/45,Dr2 3047 allow multiple sources in certain fields
Update,fmt/46,Dr2 3047 allow multiple sources in certain fields
Update,x-fmt/46,Dr2 3047 allow multiple sources in certain fields
Update,fmt/47,Dr2 3047 allow multiple sources in certain fields
Update,x-fmt/47,Dr2 3047 allow multiple sources in certain fields
Update,fmt/48,Dr2 3047 allow multiple sources in certain fields
Update,x-fmt/48,Dr2 3047 allow multiple sources in certain fields
Update,fmt/49,Dr2 3047 allow multiple sources in certain fields
Update,x-fmt/49,Dr2 3047 allow multiple sources in certain fields
Update,fmt/50,Dr2 3047 allow multiple sources in certain fields
Update,x-fmt/50,Dr2 3047 allow multiple sources in certain fields
Update,fmt/51,Dr2 3047 allow multiple sources in certain fields
Update,x-fmt/51,Dr2 3047 allow multiple sources in certain fields
Update,fmt/52,Dr2 3047 allow multiple sources in certain fields
Update,x-fmt/52,Dr2 3047 allow multiple sources in certain fields
Update,fmt/53,Dr2 3047 allow multiple sources in certain fields
Update,x-fmt/53,Dr2 3047 allow multiple sources in certain fields
Update,fmt/54,Dr2 3047 allow multiple sources in certain fields
Update,x-fmt/54,Dr2 3047 allow multiple sources in certain fields
Update,fmt/55,Dr2 3047 allow multiple sources in certain fields
Update,x-fmt/55,Dr2 3047 allow multiple sources in certain fields
Update,fmt/56,Dr2 3047 allow multiple sources in certain fields
Update,x-fmt/56,Dr2 3047 allow multiple sources in certain fields
Update,fmt/57,Dr2 3047 allow multiple sources in certain fields
Update,x-fmt/57,Dr2 3047 allow multiple sources in certain fields
Update,fmt/58,Dr2 3047 allow multiple sources in certain fields
Update,x-fmt/58,Dr2 3047 allow multiple sources in certain fields
Update,fmt/59,Dr2 3047 allow multiple sources in certain fields
Update,x-fmt/59,Dr2 3047 allow multiple sources in certain fields
Update,fmt/60,Dr2 3047 allow multiple sources in certain fields
Update,x-fmt/60,Dr2 3047 allow multiple sources in certain fields
Update,fmt/61,Dr2 3047 allow multiple sources in certain fields
Update,x-fmt/61,Dr2 3047 allow multiple sources in certain fields
Update,fmt/62,Dr2 3047 allow multiple sources in certain fields
Update,x-fmt/62,Dr2 3047 allow multiple sources in certain fields
Update,fmt/63,Dr2 3047 allow multiple sources in certain fields
Update,x-fmt/63,Dr2 3047 allow multiple sources in certain fields
Update,fmt/64,Dr2 3047 allow multiple sources in certain fields
Update,x-fmt/64,Dr2 3047 allow multiple sources in certain fields
Update,fmt/65,Dr2 3047 allow multiple sources in certain fields
Update,x-fmt/65,Dr2 3047 allow multiple sources in certain fields
Update,fmt/66,Dr2 3047 allow multiple sources in certain fields
Update,x-fmt/66,Dr2 3047 allow multiple sources in certain fields
Update,fmt/67,Dr2 3047 allow multiple sources in certain fields
Update,x-fmt/67,Dr2 3047 allow multiple sources in certain fields
Update,fmt/68,Dr2 3047 allow multiple sources in certain fields
Update,x-fmt/68,Dr2 3047 allow multiple sources in certain fields
Update,fmt/69,Dr2 3047 allow multiple sources in certain fields
Update,x-fmt/69,Dr2 3047 allow multiple sources in certain fields
Update,fmt/70,Dr2 3047 allow multiple sources in certain fields
Update,x-fmt/70,Dr2 3047 allow multiple sources in certain fields
Update,fmt/71,Dr2 3047 allow multiple sources in certain fields
Update,x-fmt/71,Dr2 3047 allow multiple sources in certain fields
Update,fmt/72,Dr2 3047 allow multiple sources in certain fields
Update,x-fmt/72,Dr2 3047 allow multiple sources in certain fields
Update,fmt/73,Dr2 3047 allow multiple sources in certain fields
Update,x-fmt/73,Dr2 3047 allow multiple sources in certain fields
Update,fmt/74,Dr2 3047 allow multiple sources in certain fields
Update,x-fmt/74,Dr2 3047 allow multiple sources in certain fields
Update,fmt/75,Dr2 3047 allow multiple sources in certain fields
Update,x-fmt/75,Dr2 3047 allow multiple sources in certain fields
Update,fmt/76,Dr2 3047 allow multiple sources in certain fields
Update,x-fmt/76,Dr2 3047 allow multiple sources in certain fields
Update,fmt/77,Dr2 3047 allow multiple sources in certain fields
Update,x-fmt/77,Dr2 3047 allow multiple sources in certain fields
Update,fmt/78,Dr2 3047 allow multiple sources in certain fields
Update,x-fmt/78,Dr2 3047 allow multiple sources in certain fields
Update,fmt/79,Dr2 3047 allow multiple sources in certain fields
Update,x-fmt/79,Dr2 3047 allow multiple sources in certain fields
Update,fmt/80,Dr2 3047 allow multiple sources in certain fields
Update,x-fmt/80,Dr2 3047 allow multiple sources in certain fields
Update,fmt/81,Dr2 3047 allow multiple sources in certain fields
Update,x-fmt/81,Dr2 3047 allow multiple sources in certain fields
Update,fmt/82,Dr2 3047 allow multiple sources in certain fields
Update,x-fmt/82,Dr2 3047 allow multiple sources in certain fields
Update,fmt/83,Dr2 3047 allow multiple sources in certain fields
Update,x-fmt/83,Dr2 3047 allow multiple sources in certain fields
Update,fmt/84,Dr2 3047 allow multiple sources in certain fields
Update,x-fmt/84,Dr2 3047 allow multiple sources in certain fields
Update,fmt/85,Dr2 3047 allow multiple sources in certain fields
Update,x-fmt/85,Dr2 3047 allow multiple sources in certain fields
Update,fmt/86,Dr2 3047 allow multiple sources in certain fields
Update,x-fmt/86,Dr2 3047 allow multiple sources in certain fields
Update,fmt/87,Dr2 3047 allow multiple sources in certain fields
Update,x-fmt/87,Dr2 3047 allow multiple sources in certain fields
Update,fmt/88,Dr2 3047 allow multiple sources in certain fields
Update,x-fmt/88,Dr2 3047 allow multiple sources in certain fields
Update,fmt/89,Dr2 3047 allow multiple sources in certain fields
Update,x-fmt/89,Dr2 3047 allow multiple sources in certain fields
Update,fmt/90,Dr2 3047 allow multiple sources in certain fields
Update,x-fmt/90,Dr2 3047 allow multiple sources in certain fields
Update,fmt/91,Dr2 3047 allow multiple sources in certain fields
Update,x-fmt/91,Dr2 3047 allow multiple sources in certain fields
Update,fmt/92,Dr2 3047 allow multiple sources in certain fields
Update,x-fmt/92,Dr2 3047 allow multiple sources in certain fields
Update,fmt/93,Dr2 3047 allow multiple sources in certain fields
Update,x-fmt/93,Dr2 3047 allow multiple sources in certain fields
Update,fmt/94,Dr2 3047 allow multiple sources in certain fields
Update,x-fmt/94,Dr2 3047 allow multiple sources in certain fields
Update,fmt/95,Dr2 3047 allow multiple sources in certain fields
Update,x-fmt/95,Dr2 3047 allow multiple sources in certain fields
Update,fmt/96,Dr2 3047 allow multiple sources in certain fields
Update,x-fmt/96,Dr2 3047 allow multiple sources in certain fields
Update,fmt/97,Dr2 3047 allow multiple sources in certain fields
Update,x-fmt/97,Dr2 3047 allow multiple sources in certain fields
Update,fmt/98,Dr2 3047 allow multiple sources in certain fields
Update,x-fmt/98,Dr2 3047 allow multiple sources in certain fields
Update,fmt/99,Dr2 3047 allow multiple sources in certain fields
Update,x-fmt/99,Dr2 3047 allow multiple sources in certain fields
Update,fmt/100,Dr2 3047 allow multiple sources in certain fields
Update,x-fmt/100,Dr2 3047 allow multiple sources in certain fields
Update,fmt/101,Dr2 3047 allow multiple sources in certain fields
Update,x-fmt/101,Dr2 3047 allow multiple sources in certain fields
Update,fmt/102,Dr2 3047 allow multiple sources in certain fields
Update,x-fmt/102,Dr2 3047 allow multiple sources in certain fields
Update,fmt/103,Dr2 3047 allow multiple sources in certain fields
Update,x-fmt/103,Dr2 3047 allow multiple sources in certain fields
Update,fmt/104,Dr2 3047 allow multiple sources in certain fields
Update,x-fmt/104,Dr2 3047 allow multiple sources in certain fields
Update,fmt/105,Dr2 3047 allow multiple sources in certain fields
Update,x-fmt/105,Dr2 3047 allow multiple sources in certain fields
Update,fmt/106,Dr2 3047 allow multiple sources in certain fields
Update,x-fmt/106,Dr2 3047 allow multiple sources in certain fields
Update,fmt/107,Dr2 3047 allow multiple sources in certain fields
Update,x-fmt/107,Dr2 3047 allow multiple sources in certain fields
Update,fmt/108,Dr2 3047 allow multiple sources in certain fields
Update,x-fmt/108,Dr2 3047 allow multiple sources in certain fields
Update,fmt/109,Dr2 3047 allow multiple sources in certain fields
Update,x-fmt/109,Dr2 3047 allow multiple sources in certain fields
Update,fmt/110,Dr2 3047 allow multiple sources in certain fields
Update,x-fmt/110,Dr2 3047 allow multiple sources in certain fields
Update,fmt/111,Dr2 3047 allow multiple sources in certain fields
Update,x-fmt/111,Dr2 3047 allow multiple sources in certain fields
Update,fmt/112,Dr2 3047 allow multiple sources in certain fields
Update,x-fmt/112,Dr2 3047 allow multiple sources in certain fields
Update,fmt/113,Dr2 3047 allow multiple sources in certain fields
Update,x-fmt/113,Dr2 3047 allow multiple sources in certain fields
Update,fmt/114,Dr2 3047 allow multiple sources in certain fields
Update,x-fmt/114,Dr2 3047 allow multiple sources in certain fields
Update,fmt/115,Dr2 3047 allow multiple sources in certain fields
Update,x-fmt/115,Dr2 3047 allow multiple sources in certain fields
Update,fmt/116,Dr2 3047 allow multiple sources in certain fields
Update,x-fmt/116,Dr2 3047 allow multiple sources in certain fields
Update,fmt/117,Dr2 3047 allow multiple sources in certain fields
Update,x-fmt/117,Dr2 3047 allow multiple sources in certain fields
Update,fmt/118,Dr2 3047 allow multiple sources in certain fields
Update,x-fmt/118,Dr2 3047 allow multiple sources in certain fields
Update,fmt/119,Dr2 3047 allow multiple sources in certain fields
Update,x-fmt/119,Dr2 3047 allow multiple sources in certain fields
Update,fmt/120,Dr2 3047 allow multiple sources in certain fields
Update,x-fmt/120,Dr2 3047 allow multiple sources in certain fields
Update,fmt/121,Dr2 3047 allow multiple sources in certain fields
Update,x-fmt/121,Dr2 3047 allow multiple sources in certain fields
Update,fmt/122,Dr2 3047 allow multiple sources in certain fields
Update,x-fmt/122,Dr2 3047 allow multiple sources in certain fields
Update,fmt/123,Dr2 3047 allow multiple sources in certain fields
Update,x-fmt/123,Dr2 3047 allow multiple sources in certain fields
Update,fmt/124,Dr2 3047 allow multiple sources in certain fields
Update,x-fmt/124,Dr2 3047 allow multiple sources in certain fields
Update,fmt/125,Dr2 3047 allow multiple sources in certain fields
Update,x-fmt/125,Dr2 3047 allow multiple sources in certain fields
Update,fmt/126,Dr2 3047 allow multiple sources in certain fields
Update,x-fmt/126,Dr2 3047 allow multiple sources in certain fields
Update,fmt/127,Dr2 3047 allow multiple sources in certain fields
Update,x-fmt/127,Dr2 3047 allow multiple sources in certain fields
Update,fmt/128,Dr2 3047 allow multiple sources in certain fields
Update,x-fmt/128,Dr2 3047 allow multiple sources in certain fields
Update,fmt/129,Dr2 3047 allow multiple sources in certain fields
Update,x-fmt/129,Dr2 3047 allow multiple sources in certain fields
Update,fmt/130,Dr2 3047 allow multiple sources in certain fields
Update,x-fmt/130,Dr2 3047 allow multiple sources in certain fields
Update,fmt/131,Dr2 3047 allow multiple sources in certain fields
Update,x-fmt/131,Dr2 3047 allow multiple sources in certain fields
Update,fmt/132,Dr2 3047 allow multiple sources in certain fields
Update,x-fmt/132,Dr2 3047 allow multiple sources in certain fields
Update,fmt/133,Dr2 3047 allow multiple sources in certain fields
Update,x-fmt/133,Dr2 3047 allow multiple sources in certain fields
Update,fmt/134,Dr2 3047 allow multiple sources in certain fields
Update,x-fmt/134,Dr2 3047 allow multiple sources in certain fields
Update,fmt/135,Dr2 3047 allow multiple sources in certain fields
Update,x-fmt/135,Dr2 3047 allow multiple sources in certain fields
Update,fmt/136,Dr2 3047 allow multiple sources in certain fields
Update,x-fmt/136,Dr2 3047 allow multiple sources in certain fields
Update,fmt/137,Dr2 3047 allow multiple sources in certain fields
Update,x-fmt/137,Dr2 3047 allow multiple sources in certain fields
Update,fmt/138,Dr2 3047 allow multiple sources in certain fields
Update,x-fmt/138,Dr2 3047 allow multiple sources in certain fields
Update,fmt/139,Dr2 3047 allow multiple sources in certain fields
Update,x-fmt/139,Dr2 3047 allow multiple sources in certain fields
Update,fmt/140,Dr2 3047 allow multiple sources in certain fields
Update,x-fmt/140,Dr2 3047 allow multiple sources in certain fields
Update,fmt/141,Dr2 3047 allow multiple sources in certain fields
Update,x-fmt/141,Dr2 3047 allow multiple sources in certain fields
Update,fmt/142,Dr2 3047 allow multiple sources in certain fields
Update,x-fmt/142,Dr2 3047 allow multiple sources in certain fields
Update,fmt/143,Dr2 3047 allow multiple sources in certain fields
Update,x-fmt/143,Dr2 3047 allow multiple sources in certain fields
Update,fmt/144,Dr2 3047 allow multiple sources in certain fields
Update,x-fmt/144,Dr2 3047 allow multiple sources in certain fields
Update,fmt/145,Dr2 3047 allow multiple sources in certain fields
Update,x-fmt/145,Dr2 3047 allow multiple sources in certain fields
Update,fmt/146,Dr2 3047 allow multiple sources in certain fields
Update,x-fmt/146,Dr2 3047 allow multiple sources in certain fields
Update,fmt/147,Dr2 3047 allow multiple sources in certain fields
Update,x-fmt/147,Dr2 3047 allow multiple sources in certain fields
Update,fmt/148,Dr2 3047 allow multiple sources in certain fields
Update,x-fmt/148,Dr2 3047 allow multiple sources in certain fields
Update,fmt/149,Dr2 3047 allow multiple sources in certain fields
Update,x-fmt/149,Dr2 3047 allow multiple sources in certain fields
Update,fmt/150,Dr2 3047 allow multiple sources in certain fields
Update,x-fmt/150,Dr2 3047 allow multiple sources in certain fields
Update,fmt/151,Dr2 3047 allow multiple sources in certain fields
Update,x-fmt/151,Dr2 3047 allow multiple sources in certain fields
Update,fmt/152,Dr2 3047 allow multiple sources in certain fields
Update,x-fmt/152,Dr2 3047 allow multiple sources in certain fields
Update,fmt/153,Dr2 3047 allow multiple sources in certain fields
Update,x-fmt/153,Dr2 3047 allow multiple sources in certain fields
Update,fmt/154,Dr2 3047 allow multiple sources in certain fields
Update,x-fmt/154,Dr2 3047 allow multiple sources in certain fields
Update,fmt/155,Dr2 3047 allow multiple sources in certain fields
Update,x-fmt/155,Dr2 3047 allow multiple sources in certain fields
Update,fmt/156,Dr2 3047 allow multiple sources in certain fields
Update,x-fmt/156,Dr2 3047 allow multiple sources in certain fields
Update,fmt/157,Dr2 3047 allow multiple sources in certain fields
Update,x-fmt/157,Dr2 3047 allow multiple sources in certain fields
Update,fmt/158,Dr2 3047 allow multiple sources in certain fields
Update,x-fmt/158,Dr2 3047 allow multiple sources in certain fields
Update,fmt/159,Dr2 3047 allow multiple sources in certain fields
Update,x-fmt/159,Dr2 3047 allow multiple sources in certain fields
Update,fmt/160,Dr2 3047 allow multiple sources in certain fields
Update,x-fmt/160,Dr2 3047 allow multiple sources in certain fields
Update,fmt/161,Dr2 3047 allow multiple sources in certain fields
Update,x-fmt/161,Dr2 3047 allow multiple sources in certain fields
Update,fmt/162,Dr2 3047 allow multiple sources in certain fields
Update,x-fmt/162,Dr2 3047 allow multiple sources in certain fields
Update,fmt/163,Dr2 3047 allow multiple sources in certain fields
Update,x-fmt/163,Dr2 3047 allow multiple sources in certain fields
Update,fmt/164,Dr2 3047 allow multiple sources in certain fields
Update,x-fmt/164,Dr2 3047 allow multiple sources in certain fields
Update,fmt/165,Dr2 3047 allow multiple sources in certain fields
Update,x-fmt/165,Dr2 3047 allow multiple sources in certain fields
Update,fmt/166,Dr2 3047 allow multiple sources in certain fields
Update,x-fmt/166,Dr2 3047 allow multiple sources in certain fields
Update,fmt/167,Dr2 3047 allow multiple sources in certain fields
Update,x-fmt/167,Dr2 3047 allow multiple sources in certain fields
Update,fmt/168,Dr2 3047 allow multiple sources in certain fields
Update,x-fmt/168,Dr2 3047 allow multiple sources in certain fields
Update,fmt/169,Dr2 3047 allow multiple sources in certain fields
Update,x-fmt/169,Dr2 3047 allow multiple sources in certain fields
Update,fmt/170,Dr2 3047 allow multiple sources in certain fields
Update,x-fmt/170,Dr2 3047 allow multiple sources in certain fields
Update,fmt/171,Dr2 3047 allow multiple sources in certain fields
Update,x-fmt/171,Dr2 3047 allow multiple sources in certain fields
Update,fmt/172,Dr2 3047 allow multiple sources in certain fields
Update,x-fmt/172,Dr2 3047 allow multiple sources in certain fields
Update,fmt/173,Dr2 3047 allow multiple sources in certain fields
Update,x-fmt/173,Dr2 3047 allow multiple sources in certain fields
Update,fmt/174,Dr2 3047 allow multiple sources in certain fields
Update,x-fmt/174,Dr2 3047 allow multiple sources in certain fields
Update,fmt/175,Dr2 3047 allow multiple sources in certain fields
Update,x-fmt/175,Dr2 3047 allow multiple sources in certain fields
Update,fmt/176,Dr2 3047 allow multiple sources in certain fields
Update,x-fmt/176,Dr2 3047 allow multiple sources in certain fields
Update,fmt/177,Dr2 3047 allow multiple sources in certain fields
Update,x-fmt/177,Dr2 3047 allow multiple sources in certain fields
Update,fmt/178,Dr2 3047 allow multiple sources in certain fields
Update,x-fmt/178,Dr2 3047 allow multiple sources in certain fields
Update,fmt/179,Dr2 3047 allow multiple sources in certain fields
Update,x-fmt/179,Dr2 3047 allow multiple sources in certain fields
Update,fmt/180,Dr2 3047 allow multiple sources in certain fields
Update,x-fmt/180,Dr2 3047 allow multiple sources in certain fields
Update,fmt/181,Dr2 3047 allow multiple sources in certain fields
Update,x-fmt/181,Dr2 3047 allow multiple sources in certain fields
Update,fmt/182,Dr2 3047 allow multiple sources in certain fields
Update,x-fmt/182,Dr2 3047 allow multiple sources in certain fields
Update,fmt/183,Dr2 3047 allow multiple sources in certain fields
Update,x-fmt/183,Dr2 3047 allow multiple sources in certain fields
Update,fmt/184,Dr2 3047 allow multiple sources in certain fields
Update,x-fmt/184,Dr2 3047 allow multiple sources in certain fields
Update,fmt/185,Dr2 3047 allow multiple sources in certain fields
Update,x-fmt/185,Dr2 3047 allow multiple sources in certain fields
Update,fmt/186,Dr2 3047 allow multiple sources in certain fields
Update,x-fmt/186,Dr2 3047 allow multiple sources in certain fields
Update,fmt/187,Dr2 3047 allow multiple sources in certain fields
Update,x-fmt/187,Dr2 3047 allow multiple sources in certain fields
Update,fmt/188,Dr2 3047 allow multiple sources in certain fields
Update,x-fmt/188,Dr2 3047 allow multiple sources in certain fields
Update,fmt/189,Dr2 3047 allow multiple sources in certain fields
Update,x-fmt/189,Dr2 3047 allow multiple sources in certain fields
Update,fmt/190,Dr2 3047 allow multiple sources in certain fields
Update,x-fmt/190,Dr2 3047 allow multiple sources in certain fields
Update,fmt/191,Dr2 3047 allow multiple sources in certain fields
Update,x-fmt/191,Dr2 3047 allow multiple sources in certain fields
Update,fmt/192,Dr2 3047 allow multiple sources in certain fields
Update,x-fmt/192,Dr2 3047 allow multiple sources in certain fields
Update,fmt/193,Dr2 3047 allow multiple sources in certain fields
Update,x-fmt/193,Dr2 3047 allow multiple sources in certain fields
Update,fmt/194,Dr2 3047 allow multiple sources in certain fields
Update,x-fmt/194,Dr2 3047 allow multiple sources in certain fields
Update,fmt/195,Dr2 3047 allow multiple sources in certain fields
Update,x-fmt/195,Dr2 3047 allow multiple sources in certain fields
Update,fmt/196,Dr2 3047 allow multiple sources in certain fields
Update,x-fmt/196,Dr2 3047 allow multiple sources in certain fields
Update,fmt/197,Dr2 3047 allow multiple sources in certain fields
Update,x-fmt/197,Dr2 3047 allow multiple sources in certain fields
Update,fmt/198,Dr2 3047 allow multiple sources in certain fields
Update,x-fmt/198,Dr2 3047 allow multiple sources in certain fields
Update,fmt/199,Dr2 3047 allow multiple sources in certain fields
Update,x-fmt/199,Dr2 3047 allow multiple sources in certain fields
Update,fmt/200,Dr2 3047 allow multiple sources in certain fields
Update,x-fmt/200,Dr2 3047 allow multiple sources in certain fields
Update,fmt/201,Dr2 3047 allow multiple sources in certain fields
Update,x-fmt/201,Dr2 3047 allow multiple sources in certain fields
Update,fmt/202,Dr2 3047 allow multiple sources in certain fields
Update,x-fmt/202,Dr2 3047 allow multiple sources in certain fields
Update,fmt/203,Dr2 3047 allow multiple sources in certain fields
Update,x-fmt/203,Dr2 3047 allow multiple sources in certain fields
Update,fmt/204,Dr2 3047 allow multiple sources in certain fields
Update,x-fmt/204,Dr2 3047 allow multiple sources in certain fields
Update,fmt/205,Dr2 3047 allow multiple sources in certain fields
Update,x-fmt/205,Dr2 3047 allow multiple sources in certain fields
Update,fmt/206,Dr2 3047 allow multiple sources in certain fields
Update,x-fmt/206,Dr2 3047 allow multiple sources in certain fields
Update,fmt/207,Dr2 3047 allow multiple sources in certain fields
Update,x-fmt/207,Dr2 3047 allow multiple sources in certain fields
Update,fmt/208,Dr2 3047 allow multiple sources in certain fields
Update,x-fmt/208,Dr2 3047 allow multiple sources in certain fields
Update,fmt/209,Dr2 3047 allow multiple sources in certain fields
Update,x-fmt/209,Dr2 3047 allow multiple sources in certain fields
Update,fmt/210,Dr2 3047 allow multiple sources in certain fields
Update,x-fmt/210,Dr2 3047 allow multiple sources in certain fields
Update,fmt/211,Dr2 3047 allow multiple sources in certain fields
Update,x-fmt/211,Dr2 3047 allow multiple sources in certain fields
Update,fmt/212,Dr2 3047 allow multiple sources in certain fields
Update,x-fmt/212,Dr2 3047 allow multiple sources in certain fields
Update,fmt/213,Dr2 3047 allow multiple sources in certain fields
Update,x-fmt/213,Dr2 3047 allow multiple sources in certain fields
Update,fmt/214,Dr2 3047 allow multiple sources in certain fields
Update,x-fmt/214,Dr2 3047 allow multiple sources in certain fields
Update,fmt/215,Dr2 3047 allow multiple sources in certain fields
Update,x-fmt/215,Dr2 3047 allow multiple sources in certain fields
Update,fmt/216,Dr2 3047 allow multiple sources in certain fields
Update,x-fmt/216,Dr2 3047 allow multiple sources in certain fields
Update,fmt/217,Dr2 3047 allow multiple sources in certain fields
Update,x-fmt/217,Dr2 3047 allow multiple sources in certain fields
Update,fmt/218,Dr2 3047 allow multiple sources in certain fields
Update,x-fmt/218,Dr2 3047 allow multiple sources in certain fields
Update,fmt/219,Dr2 3047 allow multiple sources in certain fields
Update,x-fmt/219,Dr2 3047 allow multiple sources in certain fields
Update,fmt/220,Dr2 3047 allow multiple sources in certain fields
Update,x-fmt/220,Dr2 3047 allow multiple sources in certain fields
Update,fmt/221,Dr2 3047 allow multiple sources in certain fields
Update,x-fmt/221,Dr2 3047 allow multiple sources in certain fields
Update,fmt/222,Dr2 3047 allow multiple sources in certain fields
Update,x-fmt/222,Dr2 3047 allow multiple sources in certain fields
Update,fmt/223,Dr2 3047 allow multiple sources in certain fields
Update,x-fmt/223,Dr2 3047 allow multiple sources in certain fields
Update,fmt/224,Dr2 3047 allow multiple sources in certain fields
Update,x-fmt/224,Dr2 3047 allow multiple sources in certain fields
Update,fmt/225,Dr2 3047 allow multiple sources in certain fields
Update,x-fmt/225,Dr2 3047 allow multiple sources in certain fields
Update,fmt/226,Dr2 3047 allow multiple sources in certain fields
Update,x-fmt/226,Dr2 3047 allow multiple sources in certain fields
Update,fmt/227,Dr2 3047 allow multiple sources in certain fields
Update,x-fmt/227,Dr2 3047 allow multiple sources in certain fields
Update,fmt/228,Dr2 3047 allow multiple sources in certain fields
Update,x-fmt/228,Dr2 3047 allow multiple sources in certain fields
Update,fmt/229,Dr2 3047 allow multiple sources in certain fields
Update,x-fmt/229,Dr2 3047 allow multiple sources in certain fields
Update,fmt/230,Dr2 3047 allow multiple sources in certain fields
Update,x-fmt/230,Dr2 3047 allow multiple sources in certain fields
Update,fmt/231,Dr2 3047 allow multiple sources in certain fields
Update,x-fmt/231,Dr2 3047 allow multiple sources in certain fields
Update,fmt/232,Dr2 3047 allow multiple sources in certain fields
Update,x-fmt/232,Dr2 3047 allow multiple sources in certain fields
Update,fmt/233,Dr2 3047 allow multiple sources in certain fields
Update,x-fmt/233,Dr2 3047 allow multiple sources in certain fields
Update,fmt/234,Dr2 3047 allow multiple sources in certain fields
Update,x-fmt/234,Dr2 3047 allow multiple sources in certain fields
Update,fmt/235,Dr2 3047 allow multiple sources in certain fields
Update,x-fmt/235,Dr2 3047 allow multiple sources in certain fields
Update,fmt/236,Dr2 3047 allow multiple sources in certain fields
Update,x-fmt/236,Dr2 3047 allow multiple sources in certain fields
Update,fmt/237,Dr2 3047 allow multiple sources in certain fields
Update,x-fmt/237,Dr2 3047 allow multiple sources in certain fields
Update,fmt/238,Dr2 3047 allow multiple sources in certain fields
Update,x-fmt/238,Dr2 3047 allow multiple sources in certain fields
Update,fmt/239,Dr2 3047 allow multiple sources in certain fields
Update,x-fmt/239,Dr2 3047 allow multiple sources in certain fields
Update,fmt/240,Dr2 3047 allow multiple sources in certain fields
Update,x-fmt/240,Dr2 3047 allow multiple sources in certain fields
Update,fmt/241,Dr2 3047 allow multiple sources in certain fields
Update,x-fmt/241,Dr2 3047 allow multiple sources in certain fields
Update,fmt/242,Dr2 3047 allow multiple sources in certain fields
Update,x-fmt/242,Dr2 3047 allow multiple sources in certain fields
Update,fmt/243,Dr2 3047 allow multiple sources in certain fields
Update,x-fmt/243,Dr2 3047 allow multiple sources in certain fields
Update,fmt/244,Dr2 3047 allow multiple sources in certain fields
Update,x-fmt/244,Dr2 3047 allow multiple sources in certain fields
Update,fmt/245,Dr2 3047 allow multiple sources in certain fields
Update,x-fmt/245,Dr2 3047 allow multiple sources in certain fields
Update,fmt/246,Dr2 3047 allow multiple sources in certain fields
Update,x-fmt/246,Dr2 3047 allow multiple sources in certain fields
Update,fmt/247,Dr2 3047 allow multiple sources in certain fields
Update,x-fmt/247,Dr2 3047 allow multiple sources in certain fields
Update,fmt/248,Dr2 3047 allow multiple sources in certain fields
Update,x-fmt/248,Dr2 3047 allow multiple sources in certain fields
Update,fmt/249,Dr2 3047 allow multiple sources in certain fields
Update,x-fmt/249,Dr2 3047 allow multiple sources in certain fields
Update,fmt/250,Dr2 3047 allow multiple sources in certain fields
Update,x-fmt/250,Dr2 3047 allow multiple sources in certain fields
Update,fmt/251,Dr2 3047 allow multiple sources in certain fields
Update,x-fmt/251,Dr2 3047 allow multiple sources in certain fields
Update,fmt/252,Dr2 3047 allow multiple sources in certain fields
Update,x-fmt/252,Dr2 3047 allow multiple sources in certain fields
Update,fmt/253,Dr2 3047 allow multiple sources in certain fields
Update,x-fmt/253,Dr2 3047 allow multiple sources in certain fields
Update,fmt/254,Dr2 3047 allow multiple sources in certain fields
Update,x-fmt/254,Dr2 3047 allow multiple sources in certain fields
Update,fmt/255,Dr2 3047 allow multiple sources in certain fields
Update,x-fmt/255,Dr2 3047 allow multiple sources in certain fields
Update,fmt/256,Dr2 3047 allow multiple sources in certain fields
Update,x-fmt/256,Dr2 3047 allow multiple sources in certain fields
Update,fmt/257,Dr2 3047 allow multiple sources in certain fields
Update,x-fmt/257,Dr2 3047 allow multiple sources in certain fields
Update,fmt/258,Dr2 3047 allow multiple sources in certain fields
Update,x-fmt/258,Dr2 3047 allow multiple sources in certain fields
Update,fmt/259,Dr2 3047 allow multiple sources in certain fields
Update,x-fmt/259,Dr2 3047 allow multiple sources in certain fields
Update,fmt/260,Dr2 3047 allow multiple sources in certain fields
Update,x-fmt/260,Dr2 3047 allow multiple sources in certain fields
Update,fmt/261,Dr2 3047 allow multiple sources in certain fields
Update,x-fmt/261,Dr2 3047 allow multiple sources in certain fields
Update,fmt/262,Dr2 3047 allow multiple sources in certain fields
Update,x-fmt/262,Dr2 3047 allow multiple sources in certain fields
Update,fmt/263,Dr2 3047 allow multiple sources in certain fields
Update,x-fmt/263,Dr2 3047 allow multiple sources in certain fields
Update,fmt/264,Dr2 3047 allow multiple sources in certain fields
Update,x-fmt/264,Dr2 3047 allow multiple sources in certain fields
Update,fmt/265,Dr2 3047 allow multiple sources in certain fields
Update,x-fmt/265,Dr2 3047 allow multiple sources in certain fields
Update,fmt/266,Dr2 3047 allow multiple sources in certain fields
Update,x-fmt/266,Dr2 3047 allow multiple sources in certain fields
Update,fmt/267,Dr2 3047 allow multiple sources in certain fields
Update,x-fmt/267,Dr2 3047 allow multiple sources in certain fields
Update,fmt/268,Dr2 3047 allow multiple sources in certain fields
Update,x-fmt/268,Dr2 3047 allow multiple sources in certain fields
Update,fmt/269,Dr2 3047 allow multiple sources in certain fields
Update,x-fmt/269,Dr2 3047 allow multiple sources in certain fields
Update,fmt/270,Dr2 3047 allow multiple sources in certain fields
Update,x-fmt/270,Dr2 3047 allow multiple sources in certain fields
Update,fmt/271,Dr2 3047 allow multiple sources in certain fields
Update,x-fmt/271,Dr2 3047 allow multiple sources in certain fields
Update,fmt/272,Dr2 3047 allow multiple sources in certain fields
Update,x-fmt/272,Dr2 3047 allow multiple sources in certain fields
Update,fmt/273,Dr2 3047 allow multiple sources in certain fields
Update,x-fmt/273,Dr2 3047 allow multiple sources in certain fields
Update,fmt/274,Dr2 3047 allow multiple sources in certain fields
Update,x-fmt/274,Dr2 3047 allow multiple sources in certain fields
Update,fmt/275,Dr2 3047 allow multiple sources in certain fields
Update,x-fmt/275,Dr2 3047 allow multiple sources in certain fields
Update,fmt/276,Dr2 3047 allow multiple sources in certain fields
Update,x-fmt/276,Dr2 3047 allow multiple sources in certain fields
Update,fmt/277,Dr2 3047 allow multiple sources in certain fields
Update,x-fmt/277,Dr2 3047 allow multiple sources in certain fields
Update,fmt/278,Dr2 3047 allow multiple sources in certain fields
Update,x-fmt/278,Dr2 3047 allow multiple sources in certain fields
Update,fmt/279,Dr2 3047 allow multiple sources in certain fields
Update,x-fmt/279,Dr2 3047 allow multiple sources in certain fields
Update,fmt/280,Dr2 3047 allow multiple sources in certain fields
Update,x-fmt/280,Dr2 3047 allow multiple sources in certain fields
Update,fmt/281,Dr2 3047 allow multiple sources in certain fields
Update,x-fmt/281,Dr2 3047 allow multiple sources in certain fields
Update,fmt/282,Dr2 3047 allow multiple sources in certain fields
Update,x-fmt/282,Dr2 3047 allow multiple sources in certain fields
Update,fmt/283,Dr2 3047 allow multiple sources in certain fields
Update,x-fmt/283,Dr2 3047 allow multiple sources in certain fields
Update,fmt/284,Dr2 3047 allow multiple sources in certain fields
Update,x-fmt/284,Dr2 3047 allow multiple sources in certain fields
Update,fmt/285,Dr2 3047 allow multiple sources in certain fields
Update,x-fmt/285,Dr2 3047 allow multiple sources in certain fields
Update,fmt/286,Dr2 3047 allow multiple sources in certain fields
Update,x-fmt/286,Dr2 3047 allow multiple sources in certain fields
Update,fmt/287,Dr2 3047 allow multiple sources in certain fields
Update,x-fmt/287,Dr2 3047 allow multiple sources in certain fields
Update,fmt/288,Dr2 3047 allow multiple sources in certain fields
Update,x-fmt/288,Dr2 3047 allow multiple sources in certain fields
Update,fmt/289,Dr2 3047 allow multiple sources in certain fields
Update,x-fmt/289,Dr2 3047 allow multiple sources in certain fields
Update,fmt/290,Dr2 3047 allow multiple sources in certain fields
Update,x-fmt/290,Dr2 3047 allow multiple sources in certain fields
Update,fmt/291,Dr2 3047 allow multiple sources in certain fields
Update,x-fmt/291,Dr2 3047 allow multiple sources in certain fields
Update,fmt/292,Dr2 3047 allow multiple sources in certain fields
Update,x-fmt/292,Dr2 3047 allow multiple sources in certain fields
Update,fmt/293,Dr2 3047 allow multiple sources in certain fields
Update,x-fmt/293,Dr2 3047 allow multiple sources in certain fields
Update,fmt/294,Dr2 3047 allow multiple sources in certain fields
Update,x-fmt/294,Dr2 3047 allow multiple sources in certain fields
Update,fmt/295,Dr2 3047 allow multiple sources in certain fields
Update,x-fmt/295,Dr2 3047 allow multiple sources in certain fields
Update,fmt/296,Dr2 3047 allow multiple sources in certain fields
Update,x-fmt/296,Dr2 3047 allow multiple sources in certain fields
Update,fmt/297,Dr2 3047 allow multiple sources in certain fields
Update,x-fmt/297,Dr2 3047 allow multiple sources in certain fields
Update,fmt/298,Dr2 3047 allow multiple sources in certain fields
Update,x-fmt/298,Dr2 3047 allow multiple sources in certain fields
Update,fmt/299,Dr2 3047 allow multiple sources in certain fields
Update,x-fmt/299,Dr2 3047 allow multiple sources in certain fields
Update,fmt/300,Dr2 3047 allow multiple sources in certain fields
Update,x-fmt/300,Dr2 3047 allow multiple sources in certain fields
Update,fmt/301,Dr2 3047 allow multiple sources in certain fields
Update,x-fmt/301,Dr2 3047 allow multiple sources in certain fields
Update,fmt/302,Dr2 3047 allow multiple sources in certain fields
Update,x-fmt/302,Dr2 3047 allow multiple sources in certain fields
Update,fmt/303,Dr2 3047 allow multiple sources in certain fields
Update,x-fmt/303,Dr2 3047 allow multiple sources in certain fields
Update,fmt/304,Dr2 3047 allow multiple sources in certain fields
Update,x-fmt/304,Dr2 3047 allow multiple sources in certain fields
Update,fmt/305,Dr2 3047 allow multiple sources in certain fields
Update,x-fmt/305,Dr2 3047 allow multiple sources in certain fields
Update,fmt/306,Dr2 3047 allow multiple sources in certain fields
Update,x-fmt/306,Dr2 3047 allow multiple sources in certain fields
Update,fmt/307,Dr2 3047 allow multiple sources in certain fields
Update,x-fmt/307,Dr2 3047 allow multiple sources in certain fields
Update,fmt/308,Dr2 3047 allow multiple sources in certain fields
Update,x-fmt/308,Dr2 3047 allow multiple sources in certain fields
Update,fmt/309,Dr2 3047 allow multiple sources in certain fields
Update,x-fmt/309,Dr2 3047 allow multiple sources in certain fields
Update,fmt/310,Dr2 3047 allow multiple sources in certain fields
Update,x-fmt/310,Dr2 3047 allow multiple sources in certain fields
Update,fmt/311,Dr2 3047 allow multiple sources in certain fields
Update,x-fmt/311,Dr2 3047 allow multiple sources in certain fields
Update,fmt/312,Dr2 3047 allow multiple sources in certain fields
Update,x-fmt/312,Dr2 3047 allow multiple sources in certain fields
Update,fmt/313,Dr2 3047 allow multiple sources in certain fields
Update,x-fmt/313,Dr2 3047 allow multiple sources in certain fields
Update,fmt/314,Dr2 3047 allow multiple sources in certain fields
Update,x-fmt/314,Dr2 3047 allow multiple sources in certain fields
Update,fmt/315,Dr2 3047 allow multiple sources in certain fields
Update,x-fmt/315,Dr2 3047 allow multiple sources in certain fields
Update,fmt/316,Dr2 3047 allow multiple sources in certain fields
Update,x-fmt/316,Dr2 3047 allow multiple sources in certain fields
Update,fmt/317,Dr2 3047 allow multiple sources in certain fields
Update,x-fmt/317,Dr2 3047 allow multiple sources in certain fields
Update,fmt/318,Dr2 3047 allow multiple sources in certain fields
Update,x-fmt/318,Dr2 3047 allow multiple sources in certain fields
Update,fmt/319,Dr2 3047 allow multiple sources in certain fields
Update,x-fmt/319,Dr2 3047 allow multiple sources in certain fields
Update,fmt/320,Dr2 3047 allow multiple sources in certain fields
Update,x-fmt/320,Dr2 3047 allow multiple sources in certain fields
Update,fmt/321,Dr2 3047 allow multiple sources in certain fields
Update,x-fmt/321,Dr2 3047 allow multiple sources in certain fields
Update,fmt/322,Dr2 3047 allow multiple sources in certain fields
Update,x-fmt/322,Dr2 3047 allow multiple sources in certain fields
Update,fmt/323,Dr2 3047 allow multiple sources in certain fields
Update,x-fmt/323,Dr2 3047 allow multiple sources in certain fields
Update,fmt/324,Dr2 3047 allow multiple sources in certain fields
Update,x-fmt/324,Dr2 3047 allow multiple sources in certain fields
Update,fmt/325,Dr2 3047 allow multiple sources in certain fields
Update,x-fmt/325,Dr2 3047 allow multiple sources in certain fields
Update,fmt/326,Dr2 3047 allow multiple sources in certain fields
Update,x-fmt/326,Dr2 3047 allow multiple sources in certain fields
Update,fmt/327,Dr2 3047 allow multiple sources in certain fields
Update,x-fmt/327,Dr2 3047 allow multiple sources in certain fields
Update,fmt/328,Dr2 3047 allow multiple sources in certain fields
Update,x-fmt/328,Dr2 3047 allow multiple sources in certain fields
Update,fmt/329,Dr2 3047 allow multiple sources in certain fields
Update,x-fmt/329,Dr2 3047 allow multiple sources in certain fields
Update,fmt/330,Dr2 3047 allow multiple sources in certain fields
Update,x-fmt/330,Dr2 3047 allow multiple sources in certain fields
Update,fmt/331,Dr2 3047 allow multiple sources in certain fields
Update,x-fmt/331,Dr2 3047 allow multiple sources in certain fields
Update,fmt/332,Dr2 3047 allow multiple sources in certain fields
Update,x-fmt/332,Dr2 3047 allow multiple sources in certain fields
Update,fmt/333,Dr2 3047 allow multiple sources in certain fields
Update,x-fmt/333,Dr2 3047 allow multiple sources in certain fields
Update,fmt/334,Dr2 3047 allow multiple sources in certain fields
Update,x-fmt/334,Dr2 3047 allow multiple sources in certain fields
Update,fmt/335,Dr2 3047 allow multiple sources in certain fields
Update,x-fmt/335,Dr2 3047 allow multiple sources in certain fields
Update,fmt/336,Dr2 3047 allow multiple sources in certain fields
Update,x-fmt/336,Dr2 3047 allow multiple sources in certain fields
Update,fmt/337,Dr2 3047 allow multiple sources in certain fields
Update,x-fmt/337,Dr2 3047 allow multiple sources in certain fields
Update,fmt/338,Dr2 3047 allow multiple sources in certain fields
Update,x-fmt/338,Dr2 3047 allow multiple sources in certain fields
Update,fmt/339,Dr2 3047 allow multiple sources in certain fields
Update,x-fmt/339,Dr2 3047 allow multiple sources in certain fields
Update,fmt/340,Dr2 3047 allow multiple sources in certain fields
Update,x-fmt/340,Dr2 3047 allow multiple sources in certain fields
Update,fmt/341,Dr2 3047 allow multiple sources in certain fields
Update,x-fmt/341,Dr2 3047 allow multiple sources in certain fields
Update,fmt/342,Dr2 3047 allow multiple sources in certain fields
Update,x-fmt/342,Dr2 3047 allow multiple sources in certain fields
Update,fmt/343,Dr2 3047 allow multiple sources in certain fields
Update,x-fmt/343,Dr2 3047 allow multiple sources in certain fields
Update,fmt/344,Dr2 3047 allow multiple sources in certain fields
Update,x-fmt/344,Dr2 3047 allow multiple sources in certain fields
Update,fmt/345,Dr2 3047 allow multiple sources in certain fields
Update,x-fmt/345,Dr2 3047 allow multiple sources in certain fields
Update,fmt/346,Dr2 3047 allow multiple sources in certain fields
Update,x-fmt/346,Dr2 3047 allow multiple sources in certain fields
Update,fmt/347,Dr2 3047 allow multiple sources in certain fields
Update,x-fmt/347,Dr2 3047 allow multiple sources in certain fields
Update,fmt/348,Dr2 3047 allow multiple sources in certain fields
Update,x-fmt/348,Dr2 3047 allow multiple sources in certain fields
Update,fmt/349,Dr2 3047 allow multiple sources in certain fields
Update,x-fmt/349,Dr2 3047 allow multiple sources in certain fields
Update,fmt/350,Dr2 3047 allow multiple sources in certain fields
Update,x-fmt/350,Dr2 3047 allow multiple sources in certain fields
Update,fmt/351,Dr2 3047 allow multiple sources in certain fields
Update,x-fmt/351,Dr2 3047 allow multiple sources in certain fields
Update,fmt/352,Dr2 3047 allow multiple sources in certain fields
Update,x-fmt/352,Dr2 3047 allow multiple sources in certain fields
Update,fmt/353,Dr2 3047 allow multiple sources in certain fields
Update,x-fmt/353,Dr2 3047 allow multiple sources in certain fields
Update,fmt/354,Dr2 3047 allow multiple sources in certain fields
Update,x-fmt/354,Dr2 3047 allow multiple sources in certain fields
Update,fmt/355,Dr2 3047 allow multiple sources in certain fields
Update,x-fmt/355,Dr2 3047 allow multiple sources in certain fields
Update,fmt/356,Dr2 3047 allow multiple sources in certain fields
Update,x-fmt/356,Dr2 3047 allow multiple sources in certain fields
Update,fmt/357,Dr2 3047 allow multiple sources in certain fields
Update,x-fmt/357,Dr2 3047 allow multiple sources in certain fields
Update,fmt/358,Dr2 3047 allow multiple sources in certain fields
Update,x-fmt/358,Dr2 3047 allow multiple sources in certain fields
Update,fmt/359,Dr2 3047 allow multiple sources in certain fields
Update,x-fmt/359,Dr2 3047 allow multiple sources in certain fields
Update,fmt/360,Dr2 3047 allow multiple sources in certain fields
Update,x-fmt/360,Dr2 3047 allow multiple sources in certain fields
Update,fmt/361,Dr2 3047 allow multiple sources in certain fields
Update,x-fmt/361,Dr2 3047 allow multiple sources in certain fields
Update,fmt/362,Dr2 3047 allow multiple sources in certain fields
Update,x-fmt/362,Dr2 3047 allow multiple sources in certain fields
Update,fmt/363,Dr2 3047 allow multiple sources in certain fields
Update,x-fmt/363,Dr2 3047 allow multiple sources in certain fields
Update,fmt/364,Dr2 3047 allow multiple sources in certain fields
Update,x-fmt/364,Dr2 3047 allow multiple sources in certain fields
Update,fmt/365,Dr2 3047 allow multiple sources in certain fields
Update,x-fmt/365,Dr2 3047 allow multiple sources in certain fields
Update,fmt/366,Dr2 3047 allow multiple sources in certain fields
Update,fmt/367,Dr2 3047 allow multiple sources in certain fields
Update,x-fmt/367,Dr2 3047 allow multiple sources in certain fields
Update,fmt/368,Dr2 3047 allow multiple sources in certain fields
Update,x-fmt/368,Dr2 3047 allow multiple sources in certain fields
Update,fmt/369,Dr2 3047 allow multiple sources in certain fields
Update,x-fmt/369,Dr2 3047 allow multiple sources in certain fields
Update,fmt/370,Dr2 3047 allow multiple sources in certain fields
Update,x-fmt/370,Dr2 3047 allow multiple sources in certain fields
Update,fmt/371,Dr2 3047 allow multiple sources in certain fields
Update,x-fmt/371,Dr2 3047 allow multiple sources in certain fields
Update,fmt/372,Dr2 3047 allow multiple sources in certain fields
Update,x-fmt/372,Dr2 3047 allow multiple sources in certain fields
Update,fmt/373,Dr2 3047 allow multiple sources in certain fields
Update,x-fmt/373,Dr2 3047 allow multiple sources in certain fields
Update,fmt/374,Dr2 3047 allow multiple sources in certain fields
Update,x-fmt/374,Dr2 3047 allow multiple sources in certain fields
Update,fmt/375,Dr2 3047 allow multiple sources in certain fields
Update,x-fmt/375,Dr2 3047 allow multiple sources in certain fields
Update,fmt/376,Dr2 3047 allow multiple sources in certain fields
Update,x-fmt/376,Dr2 3047 allow multiple sources in certain fields
Update,fmt/377,Dr2 3047 allow multiple sources in certain fields
Update,x-fmt/377,Dr2 3047 allow multiple sources in certain fields
Update,fmt/378,Dr2 3047 allow multiple sources in certain fields
Update,x-fmt/378,Dr2 3047 allow multiple sources in certain fields
Update,fmt/379,Dr2 3047 allow multiple sources in certain fields
Update,x-fmt/379,Dr2 3047 allow multiple sources in certain fields
Update,fmt/380,Dr2 3047 allow multiple sources in certain fields
Update,x-fmt/380,Dr2 3047 allow multiple sources in certain fields
Update,fmt/381,Dr2 3047 allow multiple sources in certain fields
Update,x-fmt/381,Dr2 3047 allow multiple sources in certain fields
Update,fmt/382,Dr2 3047 allow multiple sources in certain fields
Update,x-fmt/382,Dr2 3047 allow multiple sources in certain fields
Update,fmt/383,Dr2 3047 allow multiple sources in certain fields
Update,x-fmt/383,Dr2 3047 allow multiple sources in certain fields
Update,fmt/384,Dr2 3047 allow multiple sources in certain fields
Update,x-fmt/384,Dr2 3047 allow multiple sources in certain fields
Update,fmt/385,Dr2 3047 allow multiple sources in certain fields
Update,x-fmt/385,Dr2 3047 allow multiple sources in certain fields
Update,fmt/386,Dr2 3047 allow multiple sources in certain fields
Update,x-fmt/386,Dr2 3047 allow multiple sources in certain fields
Update,fmt/387,Dr2 3047 allow multiple sources in certain fields
Update,x-fmt/387,Dr2 3047 allow multiple sources in certain fields
Update,fmt/388,Dr2 3047 allow multiple sources in certain fields
Update,x-fmt/388,Dr2 3047 allow multiple sources in certain fields
Update,fmt/389,Dr2 3047 allow multiple sources in certain fields
Update,x-fmt/389,Dr2 3047 allow multiple sources in certain fields
Update,fmt/390,Dr2 3047 allow multiple sources in certain fields
Update,x-fmt/390,Dr2 3047 allow multiple sources in certain fields
Update,fmt/391,Dr2 3047 allow multiple sources in certain fields
Update,x-fmt/391,Dr2 3047 allow multiple sources in certain fields
Update,fmt/392,Dr2 3047 allow multiple sources in certain fields
Update,x-fmt/392,Dr2 3047 allow multiple sources in certain fields
Update,fmt/393,Dr2 3047 allow multiple sources in certain fields
Update,x-fmt/393,Dr2 3047 allow multiple sources in certain fields
Update,fmt/394,Dr2 3047 allow multiple sources in certain fields
Update,x-fmt/394,Dr2 3047 allow multiple sources in certain fields
Update,fmt/395,Dr2 3047 allow multiple sources in certain fields
Update,x-fmt/395,Dr2 3047 allow multiple sources in certain fields
Update,fmt/396,Dr2 3047 allow multiple sources in certain fields
Update,x-fmt/396,Dr2 3047 allow multiple sources in certain fields
Update,fmt/397,Dr2 3047 allow multiple sources in certain fields
Update,x-fmt/397,Dr2 3047 allow multiple sources in certain fields
Update,fmt/398,Dr2 3047 allow multiple sources in certain fields
Update,x-fmt/398,Dr2 3047 allow multiple sources in certain fields
Update,fmt/399,Dr2 3047 allow multiple sources in certain fields
Update,x-fmt/399,Dr2 3047 allow multiple sources in certain fields
Update,fmt/400,Dr2 3047 allow multiple sources in certain fields
Update,x-fmt/400,Dr2 3047 allow multiple sources in certain fields
Update,fmt/401,Dr2 3047 allow multiple sources in certain fields
Update,x-fmt/401,Dr2 3047 allow multiple sources in certain fields
Update,fmt/402,Dr2 3047 allow multiple sources in certain fields
Update,x-fmt/402,Dr2 3047 allow multiple sources in certain fields
Update,fmt/403,Dr2 3047 allow multiple sources in certain fields
Update,x-fmt/403,Dr2 3047 allow multiple sources in certain fields
Update,fmt/404,Dr2 3047 allow multiple sources in certain fields
Update,x-fmt/404,Dr2 3047 allow multiple sources in certain fields
Update,fmt/405,Dr2 3047 allow multiple sources in certain fields
Update,x-fmt/405,Dr2 3047 allow multiple sources in certain fields
Update,fmt/406,Dr2 3047 allow multiple sources in certain fields
Update,x-fmt/406,Dr2 3047 allow multiple sources in certain fields
Update,fmt/407,Dr2 3047 allow multiple sources in certain fields
Update,x-fmt/407,Dr2 3047 allow multiple sources in certain fields
Update,fmt/408,Dr2 3047 allow multiple sources in certain fields
Update,x-fmt/408,Dr2 3047 allow multiple sources in certain fields
Update,fmt/409,Dr2 3047 allow multiple sources in certain fields
Update,x-fmt/409,Dr2 3047 allow multiple sources in certain fields
Update,fmt/410,Dr2 3047 allow multiple sources in certain fields
Update,x-fmt/410,Dr2 3047 allow multiple sources in certain fields
Update,fmt/411,Dr2 3047 allow multiple sources in certain fields
Update,x-fmt/411,Dr2 3047 allow multiple sources in certain fields
Update,fmt/412,Dr2 3047 allow multiple sources in certain fields
Update,x-fmt/412,Dr2 3047 allow multiple sources in certain fields
Update,fmt/413,Dr2 3047 allow multiple sources in certain fields
Update,x-fmt/413,Dr2 3047 allow multiple sources in certain fields
Update,fmt/414,Dr2 3047 allow multiple sources in certain fields
Update,x-fmt/414,Dr2 3047 allow multiple sources in certain fields
Update,fmt/415,Dr2 3047 allow multiple sources in certain fields
Update,x-fmt/415,Dr2 3047 allow multiple sources in certain fields
Update,fmt/416,Dr2 3047 allow multiple sources in certain fields
Update,x-fmt/416,Dr2 3047 allow multiple sources in certain fields
Update,fmt/417,Dr2 3047 allow multiple sources in certain fields
Update,x-fmt/417,Dr2 3047 allow multiple sources in certain fields
Update,fmt/418,Dr2 3047 allow multiple sources in certain fields
Update,x-fmt/418,Dr2 3047 allow multiple sources in certain fields
Update,fmt/419,Dr2 3047 allow multiple sources in certain fields
Update,x-fmt/419,Dr2 3047 allow multiple sources in certain fields
Update,fmt/420,Dr2 3047 allow multiple sources in certain fields
Update,x-fmt/420,Dr2 3047 allow multiple sources in certain fields
Update,fmt/421,Dr2 3047 allow multiple sources in certain fields
Update,x-fmt/421,Dr2 3047 allow multiple sources in certain fields
Update,fmt/422,Dr2 3047 allow multiple sources in certain fields
Update,x-fmt/422,Dr2 3047 allow multiple sources in certain fields
Update,fmt/423,Dr2 3047 allow multiple sources in certain fields
Update,x-fmt/423,Dr2 3047 allow multiple sources in certain fields
Update,fmt/424,Dr2 3047 allow multiple sources in certain fields
Update,x-fmt/424,Dr2 3047 allow multiple sources in certain fields
Update,fmt/425,Dr2 3047 allow multiple sources in certain fields
Update,x-fmt/425,Dr2 3047 allow multiple sources in certain fields
Update,fmt/426,Dr2 3047 allow multiple sources in certain fields
Update,x-fmt/426,Dr2 3047 allow multiple sources in certain fields
Update,fmt/427,Dr2 3047 allow multiple sources in certain fields
Update,x-fmt/427,Dr2 3047 allow multiple sources in certain fields
Update,fmt/428,Dr2 3047 allow multiple sources in certain fields
Update,x-fmt/428,Dr2 3047 allow multiple sources in certain fields
Update,fmt/429,Dr2 3047 allow multiple sources in certain fields
Update,x-fmt/429,Dr2 3047 allow multiple sources in certain fields
Update,fmt/430,Dr2 3047 allow multiple sources in certain fields
Update,x-fmt/430,Dr2 3047 allow multiple sources in certain fields
Update,fmt/431,Dr2 3047 allow multiple sources in certain fields
Update,fmt/432,Dr2 3047 allow multiple sources in certain fields
Update,x-fmt/432,Dr2 3047 allow multiple sources in certain fields
Update,fmt/433,Dr2 3047 allow multiple sources in certain fields
Update,x-fmt/433,Dr2 3047 allow multiple sources in certain fields
Update,fmt/434,Dr2 3047 allow multiple sources in certain fields
Update,x-fmt/434,Dr2 3047 allow multiple sources in certain fields
Update,fmt/435,Dr2 3047 allow multiple sources in certain fields
Update,x-fmt/435,Dr2 3047 allow multiple sources in certain fields
Update,fmt/436,Dr2 3047 allow multiple sources in certain fields
Update,x-fmt/436,Dr2 3047 allow multiple sources in certain fields
Update,fmt/437,Dr2 3047 allow multiple sources in certain fields
Update,x-fmt/437,Dr2 3047 allow multiple sources in certain fields
Update,fmt/438,Dr2 3047 allow multiple sources in certain fields
Update,x-fmt/438,Dr2 3047 allow multiple sources in certain fields
Update,fmt/439,Dr2 3047 allow multiple sources in certain fields
Update,x-fmt/439,Dr2 3047 allow multiple sources in certain fields
Update,fmt/440,Dr2 3047 allow multiple sources in certain fields
Update,x-fmt/440,Dr2 3047 allow multiple sources in certain fields
Update,fmt/441,Dr2 3047 allow multiple sources in certain fields
Update,x-fmt/441,Dr2 3047 allow multiple sources in certain fields
Update,fmt/442,Dr2 3047 allow multiple sources in certain fields
Update,x-fmt/442,Dr2 3047 allow multiple sources in certain fields
Update,fmt/443,Dr2 3047 allow multiple sources in certain fields
Update,x-fmt/443,Dr2 3047 allow multiple sources in certain fields
Update,fmt/444,Dr2 3047 allow multiple sources in certain fields
Update,x-fmt/444,Dr2 3047 allow multiple sources in certain fields
Update,fmt/445,Dr2 3047 allow multiple sources in certain fields
Update,x-fmt/445,Dr2 3047 allow multiple sources in certain fields
Update,fmt/446,Dr2 3047 allow multiple sources in certain fields
Update,x-fmt/446,Dr2 3047 allow multiple sources in certain fields
Update,fmt/447,Dr2 3047 allow multiple sources in certain fields
Update,x-fmt/447,Dr2 3047 allow multiple sources in certain fields
Update,fmt/448,Dr2 3047 allow multiple sources in certain fields
Update,x-fmt/448,Dr2 3047 allow multiple sources in certain fields
Update,fmt/449,Dr2 3047 allow multiple sources in certain fields
Update,x-fmt/449,Dr2 3047 allow multiple sources in certain fields
Update,fmt/450,Dr2 3047 allow multiple sources in certain fields
Update,x-fmt/450,Dr2 3047 allow multiple sources in certain fields
Update,fmt/451,Dr2 3047 allow multiple sources in certain fields
Update,x-fmt/451,Dr2 3047 allow multiple sources in certain fields
Update,fmt/452,Dr2 3047 allow multiple sources in certain fields
Update,x-fmt/452,Dr2 3047 allow multiple sources in certain fields
Update,fmt/453,Dr2 3047 allow multiple sources in certain fields
Update,x-fmt/453,Dr2 3047 allow multiple sources in certain fields
Update,fmt/454,Dr2 3047 allow multiple sources in certain fields
Update,x-fmt/454,Dr2 3047 allow multiple sources in certain fields
Update,fmt/455,Dr2 3047 allow multiple sources in certain fields
Update,x-fmt/455,Dr2 3047 allow multiple sources in certain fields
Update,fmt/456,Dr2 3047 allow multiple sources in certain fields
Update,fmt/457,Dr2 3047 allow multiple sources in certain fields
Update,fmt/458,Dr2 3047 allow multiple sources in certain fields
Update,fmt/459,Dr2 3047 allow multiple sources in certain fields
Update,fmt/460,Dr2 3047 allow multiple sources in certain fields
Update,fmt/461,Dr2 3047 allow multiple sources in certain fields
Update,fmt/462,Dr2 3047 allow multiple sources in certain fields
Update,fmt/463,Dr2 3047 allow multiple sources in certain fields
Update,fmt/464,Dr2 3047 allow multiple sources in certain fields
Update,fmt/465,Dr2 3047 allow multiple sources in certain fields
Update,fmt/466,Dr2 3047 allow multiple sources in certain fields
Update,fmt/467,Dr2 3047 allow multiple sources in certain fields
Update,fmt/468,Dr2 3047 allow multiple sources in certain fields
Update,fmt/469,Dr2 3047 allow multiple sources in certain fields
Update,fmt/470,Dr2 3047 allow multiple sources in certain fields
Update,fmt/471,Dr2 3047 allow multiple sources in certain fields
Update,fmt/472,Dr2 3047 allow multiple sources in certain fields
Update,fmt/473,Dr2 3047 allow multiple sources in certain fields
Update,fmt/474,Dr2 3047 allow multiple sources in certain fields
Update,fmt/475,Dr2 3047 allow multiple sources in certain fields
Update,fmt/476,Dr2 3047 allow multiple sources in certain fields
Update,fmt/477,Dr2 3047 allow multiple sources in certain fields
Update,fmt/478,Dr2 3047 allow multiple sources in certain fields
Update,fmt/479,Dr2 3047 allow multiple sources in certain fields
Update,fmt/480,Dr2 3047 allow multiple sources in certain fields
Update,fmt/481,Dr2 3047 allow multiple sources in certain fields
Update,fmt/482,Dr2 3047 allow multiple sources in certain fields
Update,fmt/483,Dr2 3047 allow multiple sources in certain fields
Update,fmt/484,Dr2 3047 allow multiple sources in certain fields
Update,fmt/485,Dr2 3047 allow multiple sources in certain fields
Update,fmt/486,Dr2 3047 allow multiple sources in certain fields
Update,fmt/487,Dr2 3047 allow multiple sources in certain fields
Update,fmt/488,Dr2 3047 allow multiple sources in certain fields
Update,fmt/489,Dr2 3047 allow multiple sources in certain fields
Update,fmt/490,Dr2 3047 allow multiple sources in certain fields
Update,fmt/491,Dr2 3047 allow multiple sources in certain fields
Update,fmt/492,Dr2 3047 allow multiple sources in certain fields
Update,fmt/493,Dr2 3047 allow multiple sources in certain fields
Update,fmt/494,Dr2 3047 allow multiple sources in certain fields
Update,fmt/495,Dr2 3047 allow multiple sources in certain fields
Update,fmt/496,Dr2 3047 allow multiple sources in certain fields
Update,fmt/497,Dr2 3047 allow multiple sources in certain fields
Update,fmt/498,Dr2 3047 allow multiple sources in certain fields
Update,fmt/499,Dr2 3047 allow multiple sources in certain fields
Update,fmt/500,Dr2 3047 allow multiple sources in certain fields
Update,fmt/501,Dr2 3047 allow multiple sources in certain fields
Update,fmt/502,Dr2 3047 allow multiple sources in certain fields
Update,fmt/503,Dr2 3047 allow multiple sources in certain fields
Update,fmt/504,Dr2 3047 allow multiple sources in certain fields
Update,fmt/505,Dr2 3047 allow multiple sources in certain fields
Update,fmt/506,Dr2 3047 allow multiple sources in certain fields
Update,fmt/507,Dr2 3047 allow multiple sources in certain fields
Update,fmt/508,Dr2 3047 allow multiple sources in certain fields
Update,fmt/509,Dr2 3047 allow multiple sources in certain fields
Update,fmt/510,Dr2 3047 allow multiple sources in certain fields
Update,fmt/511,Dr2 3047 allow multiple sources in certain fields
Update,fmt/512,Dr2 3047 allow multiple sources in certain fields
Update,fmt/513,Dr2 3047 allow multiple sources in certain fields
Update,fmt/514,Dr2 3047 allow multiple sources in certain fields
Update,fmt/515,Dr2 3047 allow multiple sources in certain fields
Update,fmt/516,Dr2 3047 allow multiple sources in certain fields
Update,fmt/517,Dr2 3047 allow multiple sources in certain fields
Update,fmt/518,Dr2 3047 allow multiple sources in certain fields
Update,fmt/519,Dr2 3047 allow multiple sources in certain fields
Update,fmt/520,Dr2 3047 allow multiple sources in certain fields
Update,fmt/521,Dr2 3047 allow multiple sources in certain fields
Update,fmt/522,Dr2 3047 allow multiple sources in certain fields
Update,fmt/523,Dr2 3047 allow multiple sources in certain fields
Update,fmt/524,Dr2 3047 allow multiple sources in certain fields
Update,fmt/525,Dr2 3047 allow multiple sources in certain fields
Update,fmt/526,Dr2 3047 allow multiple sources in certain fields
Update,fmt/527,Dr2 3047 allow multiple sources in certain fields
Update,fmt/528,Dr2 3047 allow multiple sources in certain fields
Update,fmt/529,Dr2 3047 allow multiple sources in certain fields
Update,fmt/530,Dr2 3047 allow multiple sources in certain fields
Update,fmt/531,Dr2 3047 allow multiple sources in certain fields
Update,fmt/532,Dr2 3047 allow multiple sources in certain fields
Update,fmt/533,Dr2 3047 allow multiple sources in certain fields
Update,fmt/534,Dr2 3047 allow multiple sources in certain fields
Update,fmt/535,Dr2 3047 allow multiple sources in certain fields
Update,fmt/536,Dr2 3047 allow multiple sources in certain fields
Update,fmt/537,Dr2 3047 allow multiple sources in certain fields
Update,fmt/538,Dr2 3047 allow multiple sources in certain fields
Update,fmt/539,Dr2 3047 allow multiple sources in certain fields
Update,fmt/540,Dr2 3047 allow multiple sources in certain fields
Update,fmt/541,Dr2 3047 allow multiple sources in certain fields
Update,fmt/542,Dr2 3047 allow multiple sources in certain fields
Update,fmt/543,Dr2 3047 allow multiple sources in certain fields
Update,fmt/544,Dr2 3047 allow multiple sources in certain fields
Update,fmt/545,Dr2 3047 allow multiple sources in certain fields
Update,fmt/546,Dr2 3047 allow multiple sources in certain fields
Update,fmt/547,Dr2 3047 allow multiple sources in certain fields
Update,fmt/548,Dr2 3047 allow multiple sources in certain fields
Update,fmt/549,Dr2 3047 allow multiple sources in certain fields
Update,fmt/550,Dr2 3047 allow multiple sources in certain fields
Update,fmt/551,Dr2 3047 allow multiple sources in certain fields
Update,fmt/552,Dr2 3047 allow multiple sources in certain fields
Update,fmt/553,Dr2 3047 allow multiple sources in certain fields
Update,fmt/554,Dr2 3047 allow multiple sources in certain fields
Update,fmt/555,Dr2 3047 allow multiple sources in certain fields
Update,fmt/556,Dr2 3047 allow multiple sources in certain fields
Update,fmt/557,Dr2 3047 allow multiple sources in certain fields
Update,fmt/558,Dr2 3047 allow multiple sources in certain fields
Update,fmt/559,Dr2 3047 allow multiple sources in certain fields
Update,fmt/560,Dr2 3047 allow multiple sources in certain fields
Update,fmt/561,Dr2 3047 allow multiple sources in certain fields
Update,fmt/562,Dr2 3047 allow multiple sources in certain fields
Update,fmt/563,Dr2 3047 allow multiple sources in certain fields
Update,fmt/564,Dr2 3047 allow multiple sources in certain fields
Update,fmt/565,Dr2 3047 allow multiple sources in certain fields
Update,fmt/566,Dr2 3047 allow multiple sources in certain fields
Update,fmt/567,Dr2 3047 allow multiple sources in certain fields
Update,fmt/568,Dr2 3047 allow multiple sources in certain fields
Update,fmt/569,Dr2 3047 allow multiple sources in certain fields
Update,fmt/570,Dr2 3047 allow multiple sources in certain fields
Update,fmt/571,Dr2 3047 allow multiple sources in certain fields
Update,fmt/572,Dr2 3047 allow multiple sources in certain fields
Update,fmt/573,Dr2 3047 allow multiple sources in certain fields
Update,fmt/574,Dr2 3047 allow multiple sources in certain fields
Update,fmt/575,Dr2 3047 allow multiple sources in certain fields
Update,fmt/576,Dr2 3047 allow multiple sources in certain fields
Update,fmt/577,Dr2 3047 allow multiple sources in certain fields
Update,fmt/578,Dr2 3047 allow multiple sources in certain fields
Update,fmt/579,Dr2 3047 allow multiple sources in certain fields
Update,fmt/580,Dr2 3047 allow multiple sources in certain fields
Update,fmt/581,Dr2 3047 allow multiple sources in certain fields
Update,fmt/582,Dr2 3047 allow multiple sources in certain fields
Update,fmt/583,Dr2 3047 allow multiple sources in certain fields
Update,fmt/584,Dr2 3047 allow multiple sources in certain fields
Update,fmt/585,Dr2 3047 allow multiple sources in certain fields
Update,fmt/586,Dr2 3047 allow multiple sources in certain fields
Update,fmt/587,Dr2 3047 allow multiple sources in certain fields
Update,fmt/588,Dr2 3047 allow multiple sources in certain fields
Update,fmt/589,Dr2 3047 allow multiple sources in certain fields
Update,fmt/590,Dr2 3047 allow multiple sources in certain fields
Update,fmt/591,Dr2 3047 allow multiple sources in certain fields
Update,fmt/592,Dr2 3047 allow multiple sources in certain fields
Update,fmt/593,Dr2 3047 allow multiple sources in certain fields
Update,fmt/594,Dr2 3047 allow multiple sources in certain fields
Update,fmt/595,Dr2 3047 allow multiple sources in certain fields
Update,fmt/596,Dr2 3047 allow multiple sources in certain fields
Update,fmt/597,Dr2 3047 allow multiple sources in certain fields
Update,fmt/598,Dr2 3047 allow multiple sources in certain fields
Update,fmt/599,Dr2 3047 allow multiple sources in certain fields
Update,fmt/600,Dr2 3047 allow multiple sources in certain fields
Update,fmt/601,Dr2 3047 allow multiple sources in certain fields
Update,fmt/602,Dr2 3047 allow multiple sources in certain fields
Update,fmt/603,Dr2 3047 allow multiple sources in certain fields
Update,fmt/604,Dr2 3047 allow multiple sources in certain fields
Update,fmt/605,Dr2 3047 allow multiple sources in certain fields
Update,fmt/606,Dr2 3047 allow multiple sources in certain fields
Update,fmt/607,Dr2 3047 allow multiple sources in certain fields
Update,fmt/608,Dr2 3047 allow multiple sources in certain fields
Update,fmt/609,Dr2 3047 allow multiple sources in certain fields
Update,fmt/610,Dr2 3047 allow multiple sources in certain fields
Update,fmt/611,Dr2 3047 allow multiple sources in certain fields
Update,fmt/612,Dr2 3047 allow multiple sources in certain fields
Update,fmt/613,Dr2 3047 allow multiple sources in certain fields
Update,fmt/614,Dr2 3047 allow multiple sources in certain fields
Update,fmt/615,Dr2 3047 allow multiple sources in certain fields
Update,fmt/616,Dr2 3047 allow multiple sources in certain fields
Update,fmt/617,Dr2 3047 allow multiple sources in certain fields
Update,fmt/618,Dr2 3047 allow multiple sources in certain fields
Update,fmt/619,Dr2 3047 allow multiple sources in certain fields
Update,fmt/620,Dr2 3047 allow multiple sources in certain fields
Update,fmt/621,Dr2 3047 allow multiple sources in certain fields
Update,fmt/622,Dr2 3047 allow multiple sources in certain fields
Update,fmt/623,Dr2 3047 allow multiple sources in certain fields
Update,fmt/624,Dr2 3047 allow multiple sources in certain fields
Update,fmt/625,Dr2 3047 allow multiple sources in certain fields
Update,fmt/626,Dr2 3047 allow multiple sources in certain fields
Update,fmt/627,Dr2 3047 allow multiple sources in certain fields
Update,fmt/628,Dr2 3047 allow multiple sources in certain fields
Update,fmt/629,Dr2 3047 allow multiple sources in certain fields
Update,fmt/630,Dr2 3047 allow multiple sources in certain fields
Update,fmt/631,Dr2 3047 allow multiple sources in certain fields
Update,fmt/632,Dr2 3047 allow multiple sources in certain fields
Update,fmt/633,Dr2 3047 allow multiple sources in certain fields
Update,fmt/634,Dr2 3047 allow multiple sources in certain fields
Update,fmt/635,Dr2 3047 allow multiple sources in certain fields
Update,fmt/636,Dr2 3047 allow multiple sources in certain fields
Update,fmt/637,Dr2 3047 allow multiple sources in certain fields
Update,fmt/638,Dr2 3047 allow multiple sources in certain fields
Update,fmt/639,Dr2 3047 allow multiple sources in certain fields
Update,fmt/640,Dr2 3047 allow multiple sources in certain fields
Update,fmt/641,Dr2 3047 allow multiple sources in certain fields
Update,fmt/642,Dr2 3047 allow multiple sources in certain fields
Update,fmt/643,Dr2 3047 allow multiple sources in certain fields
Update,fmt/644,Dr2 3047 allow multiple sources in certain fields
Update,fmt/645,Dr2 3047 allow multiple sources in certain fields
Update,fmt/646,Dr2 3047 allow multiple sources in certain fields
Update,fmt/647,Dr2 3047 allow multiple sources in certain fields
Update,fmt/648,Dr2 3047 allow multiple sources in certain fields
Update,fmt/649,Dr2 3047 allow multiple sources in certain fields
Update,fmt/650,Dr2 3047 allow multiple sources in certain fields
Update,fmt/651,Dr2 3047 allow multiple sources in certain fields
Update,fmt/652,Dr2 3047 allow multiple sources in certain fields
Update,fmt/653,Dr2 3047 allow multiple sources in certain fields
Update,fmt/654,Dr2 3047 allow multiple sources in certain fields
Update,fmt/655,Dr2 3047 allow multiple sources in certain fields
Update,fmt/656,Dr2 3047 allow multiple sources in certain fields
Update,fmt/657,Dr2 3047 allow multiple sources in certain fields
Update,fmt/658,Dr2 3047 allow multiple sources in certain fields
Update,fmt/659,Dr2 3047 allow multiple sources in certain fields
Update,fmt/660,Dr2 3047 allow multiple sources in certain fields
Update,fmt/661,Dr2 3047 allow multiple sources in certain fields
Update,fmt/662,Dr2 3047 allow multiple sources in certain fields
Update,fmt/663,Dr2 3047 allow multiple sources in certain fields
Update,fmt/664,Dr2 3047 allow multiple sources in certain fields
Update,fmt/665,Dr2 3047 allow multiple sources in certain fields
Update,fmt/666,Dr2 3047 allow multiple sources in certain fields
Update,fmt/667,Dr2 3047 allow multiple sources in certain fields
Update,fmt/668,Dr2 3047 allow multiple sources in certain fields
Update,fmt/669,Dr2 3047 allow multiple sources in certain fields
Update,fmt/670,Dr2 3047 allow multiple sources in certain fields
Update,fmt/671,Dr2 3047 allow multiple sources in certain fields
Update,fmt/672,Dr2 3047 allow multiple sources in certain fields
Update,fmt/673,Dr2 3047 allow multiple sources in certain fields
Update,fmt/674,Dr2 3047 allow multiple sources in certain fields
Update,fmt/675,Dr2 3047 allow multiple sources in certain fields
Update,fmt/676,Dr2 3047 allow multiple sources in certain fields
Update,fmt/677,Dr2 3047 allow multiple sources in certain fields
Update,fmt/678,Dr2 3047 allow multiple sources in certain fields
Update,fmt/679,Dr2 3047 allow multiple sources in certain fields
Update,fmt/680,Dr2 3047 allow multiple sources in certain fields
Update,fmt/681,Dr2 3047 allow multiple sources in certain fields
Update,fmt/682,Dr2 3047 allow multiple sources in certain fields
Update,fmt/683,Dr2 3047 allow multiple sources in certain fields
Update,fmt/684,Dr2 3047 allow multiple sources in certain fields
Update,fmt/685,Dr2 3047 allow multiple sources in certain fields
Update,fmt/686,Dr2 3047 allow multiple sources in certain fields
Update,fmt/687,Dr2 3047 allow multiple sources in certain fields
Update,fmt/688,Dr2 3047 allow multiple sources in certain fields
Update,fmt/689,Dr2 3047 allow multiple sources in certain fields
Update,fmt/690,Dr2 3047 allow multiple sources in certain fields
Update,fmt/691,Dr2 3047 allow multiple sources in certain fields
Update,fmt/692,Dr2 3047 allow multiple sources in certain fields
Update,fmt/693,Dr2 3047 allow multiple sources in certain fields
Update,fmt/694,Dr2 3047 allow multiple sources in certain fields
Update,fmt/695,Dr2 3047 allow multiple sources in certain fields
Update,fmt/696,Dr2 3047 allow multiple sources in certain fields
Update,fmt/697,Dr2 3047 allow multiple sources in certain fields
Update,fmt/698,Dr2 3047 allow multiple sources in certain fields
Update,fmt/699,Dr2 3047 allow multiple sources in certain fields
Update,fmt/700,Dr2 3047 allow multiple sources in certain fields
Update,fmt/701,Dr2 3047 allow multiple sources in certain fields
Update,fmt/702,Dr2 3047 allow multiple sources in certain fields
Update,fmt/703,Dr2 3047 allow multiple sources in certain fields
Update,fmt/704,Dr2 3047 allow multiple sources in certain fields
Update,fmt/705,Dr2 3047 allow multiple sources in certain fields
Update,fmt/706,Dr2 3047 allow multiple sources in certain fields
Update,fmt/707,Dr2 3047 allow multiple sources in certain fields
Update,fmt/708,Dr2 3047 allow multiple sources in certain fields
Update,fmt/709,Dr2 3047 allow multiple sources in certain fields
Update,fmt/710,Dr2 3047 allow multiple sources in certain fields
Update,fmt/711,Dr2 3047 allow multiple sources in certain fields
Update,fmt/712,Dr2 3047 allow multiple sources in certain fields
Update,fmt/713,Dr2 3047 allow multiple sources in certain fields
Update,fmt/714,Dr2 3047 allow multiple sources in certain fields
Update,fmt/715,Dr2 3047 allow multiple sources in certain fields
Update,fmt/716,Dr2 3047 allow multiple sources in certain fields
Update,fmt/717,Dr2 3047 allow multiple sources in certain fields
Update,fmt/718,Dr2 3047 allow multiple sources in certain fields
Update,fmt/719,Dr2 3047 allow multiple sources in certain fields
Update,fmt/720,Dr2 3047 allow multiple sources in certain fields
Update,fmt/721,Dr2 3047 allow multiple sources in certain fields
Update,fmt/722,Dr2 3047 allow multiple sources in certain fields
Update,fmt/723,Dr2 3047 allow multiple sources in certain fields
Update,fmt/724,Dr2 3047 allow multiple sources in certain fields
Update,fmt/725,Dr2 3047 allow multiple sources in certain fields
Update,fmt/726,Dr2 3047 allow multiple sources in certain fields
Update,fmt/727,Dr2 3047 allow multiple sources in certain fields
Update,fmt/728,Dr2 3047 allow multiple sources in certain fields
Update,fmt/729,Dr2 3047 allow multiple sources in certain fields
Update,fmt/730,Dr2 3047 allow multiple sources in certain fields
Update,fmt/731,Dr2 3047 allow multiple sources in certain fields
Update,fmt/732,Dr2 3047 allow multiple sources in certain fields
Update,fmt/733,Dr2 3047 allow multiple sources in certain fields
Update,fmt/734,Dr2 3047 allow multiple sources in certain fields
Update,fmt/735,Dr2 3047 allow multiple sources in certain fields
Update,fmt/736,Dr2 3047 allow multiple sources in certain fields
Update,fmt/737,Dr2 3047 allow multiple sources in certain fields
Update,fmt/738,Dr2 3047 allow multiple sources in certain fields
Update,fmt/739,Dr2 3047 allow multiple sources in certain fields
Update,fmt/740,Dr2 3047 allow multiple sources in certain fields
Update,fmt/741,Dr2 3047 allow multiple sources in certain fields
Update,fmt/742,Dr2 3047 allow multiple sources in certain fields
Update,fmt/743,Dr2 3047 allow multiple sources in certain fields
Update,fmt/744,Dr2 3047 allow multiple sources in certain fields
Update,fmt/745,Dr2 3047 allow multiple sources in certain fields
Update,fmt/746,Dr2 3047 allow multiple sources in certain fields
Update,fmt/747,Dr2 3047 allow multiple sources in certain fields
Update,fmt/748,Dr2 3047 allow multiple sources in certain fields
Update,fmt/749,Dr2 3047 allow multiple sources in certain fields
Update,fmt/750,Dr2 3047 allow multiple sources in certain fields
Update,fmt/751,Dr2 3047 allow multiple sources in certain fields
Update,fmt/752,Dr2 3047 allow multiple sources in certain fields
Update,fmt/753,Dr2 3047 allow multiple sources in certain fields
Update,fmt/754,Dr2 3047 allow multiple sources in certain fields
Update,fmt/755,Dr2 3047 allow multiple sources in certain fields
Update,fmt/756,Dr2 3047 allow multiple sources in certain fields
Update,fmt/757,Dr2 3047 allow multiple sources in certain fields
Update,fmt/758,Dr2 3047 allow multiple sources in certain fields
Update,fmt/759,Dr2 3047 allow multiple sources in certain fields
Update,fmt/760,Dr2 3047 allow multiple sources in certain fields
Update,fmt/761,Dr2 3047 allow multiple sources in certain fields
Update,fmt/762,Dr2 3047 allow multiple sources in certain fields
Update,fmt/763,Dr2 3047 allow multiple sources in certain fields
Update,fmt/764,Dr2 3047 allow multiple sources in certain fields
Update,fmt/765,Dr2 3047 allow multiple sources in certain fields
Update,fmt/766,Dr2 3047 allow multiple sources in certain fields
Update,fmt/767,Dr2 3047 allow multiple sources in certain fields
Update,fmt/768,Dr2 3047 allow multiple sources in certain fields
Update,fmt/769,Dr2 3047 allow multiple sources in certain fields
Update,fmt/770,Dr2 3047 allow multiple sources in certain fields
Update,fmt/771,Dr2 3047 allow multiple sources in certain fields
Update,fmt/772,Dr2 3047 allow multiple sources in certain fields
Update,fmt/773,Dr2 3047 allow multiple sources in certain fields
Update,fmt/774,Dr2 3047 allow multiple sources in certain fields
Update,fmt/775,Dr2 3047 allow multiple sources in certain fields
Update,fmt/776,Dr2 3047 allow multiple sources in certain fields
Update,fmt/777,Dr2 3047 allow multiple sources in certain fields
Update,fmt/778,Dr2 3047 allow multiple sources in certain fields
Update,fmt/779,Dr2 3047 allow multiple sources in certain fields
Update,fmt/780,Dr2 3047 allow multiple sources in certain fields
Update,fmt/781,Dr2 3047 allow multiple sources in certain fields
Update,fmt/782,Dr2 3047 allow multiple sources in certain fields
Update,fmt/783,Dr2 3047 allow multiple sources in certain fields
Update,fmt/784,Dr2 3047 allow multiple sources in certain fields
Update,fmt/785,Dr2 3047 allow multiple sources in certain fields
Update,fmt/786,Dr2 3047 allow multiple sources in certain fields
Update,fmt/787,Dr2 3047 allow multiple sources in certain fields
Update,fmt/788,Dr2 3047 allow multiple sources in certain fields
Update,fmt/789,Dr2 3047 allow multiple sources in certain fields
Update,fmt/790,Dr2 3047 allow multiple sources in certain fields
Update,fmt/791,Dr2 3047 allow multiple sources in certain fields
Update,fmt/792,Dr2 3047 allow multiple sources in certain fields
Update,fmt/793,Dr2 3047 allow multiple sources in certain fields
Update,fmt/794,Dr2 3047 allow multiple sources in certain fields
Update,fmt/795,Dr2 3047 allow multiple sources in certain fields
Update,fmt/796,Dr2 3047 allow multiple sources in certain fields
Update,fmt/797,Dr2 3047 allow multiple sources in certain fields
Update,fmt/798,Dr2 3047 allow multiple sources in certain fields
Update,fmt/799,Dr2 3047 allow multiple sources in certain fields
Update,fmt/800,Dr2 3047 allow multiple sources in certain fields
Update,fmt/801,Dr2 3047 allow multiple sources in certain fields
Update,fmt/802,Dr2 3047 allow multiple sources in certain fields
Update,fmt/803,Dr2 3047 allow multiple sources in certain fields
Update,fmt/804,Dr2 3047 allow multiple sources in certain fields
Update,fmt/805,Dr2 3047 allow multiple sources in certain fields
Update,fmt/806,Dr2 3047 allow multiple sources in certain fields
Update,fmt/807,Dr2 3047 allow multiple sources in certain fields
Update,fmt/808,Dr2 3047 allow multiple sources in certain fields
Update,fmt/809,Dr2 3047 allow multiple sources in certain fields
Update,fmt/810,Dr2 3047 allow multiple sources in certain fields
Update,fmt/811,Dr2 3047 allow multiple sources in certain fields
Update,fmt/812,Dr2 3047 allow multiple sources in certain fields
Update,fmt/813,Dr2 3047 allow multiple sources in certain fields
Update,fmt/814,Dr2 3047 allow multiple sources in certain fields
Update,fmt/815,Dr2 3047 allow multiple sources in certain fields
Update,fmt/816,Dr2 3047 allow multiple sources in certain fields
Update,fmt/817,Dr2 3047 allow multiple sources in certain fields
Update,fmt/818,Dr2 3047 allow multiple sources in certain fields
Update,fmt/819,Dr2 3047 allow multiple sources in certain fields
Update,fmt/820,Dr2 3047 allow multiple sources in certain fields
Update,fmt/821,Dr2 3047 allow multiple sources in certain fields
Update,fmt/822,Dr2 3047 allow multiple sources in certain fields
Update,fmt/823,Dr2 3047 allow multiple sources in certain fields
Update,fmt/824,Dr2 3047 allow multiple sources in certain fields
Update,fmt/825,Dr2 3047 allow multiple sources in certain fields
Update,fmt/826,Dr2 3047 allow multiple sources in certain fields
Update,fmt/827,Dr2 3047 allow multiple sources in certain fields
Update,fmt/828,Dr2 3047 allow multiple sources in certain fields
Update,fmt/829,Dr2 3047 allow multiple sources in certain fields
Update,fmt/830,Dr2 3047 allow multiple sources in certain fields
Update,fmt/831,Dr2 3047 allow multiple sources in certain fields
Update,fmt/832,Dr2 3047 allow multiple sources in certain fields
Update,fmt/833,Dr2 3047 allow multiple sources in certain fields
Update,fmt/834,Dr2 3047 allow multiple sources in certain fields
Update,fmt/835,Dr2 3047 allow multiple sources in certain fields
Update,fmt/836,Dr2 3047 allow multiple sources in certain fields
Update,fmt/837,Dr2 3047 allow multiple sources in certain fields
Update,fmt/838,Dr2 3047 allow multiple sources in certain fields
Update,fmt/839,Dr2 3047 allow multiple sources in certain fields
Update,fmt/840,Dr2 3047 allow multiple sources in certain fields
Update,fmt/841,Dr2 3047 allow multiple sources in certain fields
Update,fmt/842,Dr2 3047 allow multiple sources in certain fields
Update,fmt/843,Dr2 3047 allow multiple sources in certain fields
Update,fmt/844,Dr2 3047 allow multiple sources in certain fields
Update,fmt/845,Dr2 3047 allow multiple sources in certain fields
Update,fmt/846,Dr2 3047 allow multiple sources in certain fields
Update,fmt/847,Dr2 3047 allow multiple sources in certain fields
Update,fmt/848,Dr2 3047 allow multiple sources in certain fields
Update,fmt/849,Dr2 3047 allow multiple sources in certain fields
Update,fmt/850,Dr2 3047 allow multiple sources in certain fields
Update,fmt/851,Dr2 3047 allow multiple sources in certain fields
Update,fmt/852,Dr2 3047 allow multiple sources in certain fields
Update,fmt/853,Dr2 3047 allow multiple sources in certain fields
Update,fmt/854,Dr2 3047 allow multiple sources in certain fields
Update,fmt/855,Dr2 3047 allow multiple sources in certain fields
Update,fmt/856,Dr2 3047 allow multiple sources in certain fields
Update,fmt/857,Dr2 3047 allow multiple sources in certain fields
Update,fmt/858,Dr2 3047 allow multiple sources in certain fields
Update,fmt/859,Dr2 3047 allow multiple sources in certain fields
Update,fmt/860,Dr2 3047 allow multiple sources in certain fields
Update,fmt/861,Dr2 3047 allow multiple sources in certain fields
Update,fmt/862,Dr2 3047 allow multiple sources in certain fields
Update,fmt/863,Dr2 3047 allow multiple sources in certain fields
Update,fmt/864,Dr2 3047 allow multiple sources in certain fields
Update,fmt/865,Dr2 3047 allow multiple sources in certain fields
Update,fmt/866,Dr2 3047 allow multiple sources in certain fields
Update,fmt/867,Dr2 3047 allow multiple sources in certain fields
Update,fmt/868,Dr2 3047 allow multiple sources in certain fields
Update,fmt/869,Dr2 3047 allow multiple sources in certain fields
Update,fmt/870,Dr2 3047 allow multiple sources in certain fields
Update,fmt/871,Dr2 3047 allow multiple sources in certain fields
Update,fmt/872,Dr2 3047 allow multiple sources in certain fields
Update,fmt/873,Dr2 3047 allow multiple sources in certain fields
Update,fmt/874,Dr2 3047 allow multiple sources in certain fields
Update,fmt/875,Dr2 3047 allow multiple sources in certain fields
Update,fmt/876,Dr2 3047 allow multiple sources in certain fields
Update,fmt/877,Dr2 3047 allow multiple sources in certain fields
Update,fmt/878,Dr2 3047 allow multiple sources in certain fields
Update,fmt/879,Dr2 3047 allow multiple sources in certain fields
Update,fmt/880,Dr2 3047 allow multiple sources in certain fields
Update,fmt/881,Dr2 3047 allow multiple sources in certain fields
Update,fmt/882,Dr2 3047 allow multiple sources in certain fields
Update,fmt/883,Dr2 3047 allow multiple sources in certain fields
Update,fmt/884,Dr2 3047 allow multiple sources in certain fields
Update,fmt/885,Dr2 3047 allow multiple sources in certain fields
Update,fmt/886,Dr2 3047 allow multiple sources in certain fields
Update,fmt/887,Dr2 3047 allow multiple sources in certain fields
Update,fmt/888,Dr2 3047 allow multiple sources in certain fields
Update,fmt/889,Dr2 3047 allow multiple sources in certain fields
Update,fmt/890,Dr2 3047 allow multiple sources in certain fields
Update,fmt/891,Dr2 3047 allow multiple sources in certain fields
Update,fmt/892,Dr2 3047 allow multiple sources in certain fields
Update,fmt/893,Dr2 3047 allow multiple sources in certain fields
Update,fmt/894,Dr2 3047 allow multiple sources in certain fields
Update,fmt/895,Dr2 3047 allow multiple sources in certain fields
Update,fmt/896,Dr2 3047 allow multiple sources in certain fields
Update,fmt/897,Dr2 3047 allow multiple sources in certain fields
Update,fmt/898,Dr2 3047 allow multiple sources in certain fields
Update,fmt/899,Dr2 3047 allow multiple sources in certain fields
Update,fmt/900,Dr2 3047 allow multiple sources in certain fields
Update,fmt/901,Dr2 3047 allow multiple sources in certain fields
Update,fmt/902,Dr2 3047 allow multiple sources in certain fields
Update,fmt/903,Dr2 3047 allow multiple sources in certain fields
Update,fmt/904,Dr2 3047 allow multiple sources in certain fields
Update,fmt/905,Dr2 3047 allow multiple sources in certain fields
Update,fmt/906,Dr2 3047 allow multiple sources in certain fields
Update,fmt/907,Dr2 3047 allow multiple sources in certain fields
Update,fmt/908,Dr2 3047 allow multiple sources in certain fields
Update,fmt/909,Dr2 3047 allow multiple sources in certain fields
Update,fmt/910,Dr2 3047 allow multiple sources in certain fields
Update,fmt/911,Dr2 3047 allow multiple sources in certain fields
Update,fmt/912,Dr2 3047 allow multiple sources in certain fields
Update,fmt/913,Dr2 3047 allow multiple sources in certain fields
Update,fmt/914,Dr2 3047 allow multiple sources in certain fields
Update,fmt/915,Dr2 3047 allow multiple sources in certain fields
Update,fmt/916,Dr2 3047 allow multiple sources in certain fields
Update,fmt/917,Dr2 3047 allow multiple sources in certain fields
Update,fmt/918,Dr2 3047 allow multiple sources in certain fields
Update,fmt/919,Dr2 3047 allow multiple sources in certain fields
Update,fmt/920,Dr2 3047 allow multiple sources in certain fields
Update,fmt/921,Dr2 3047 allow multiple sources in certain fields
Update,fmt/922,Dr2 3047 allow multiple sources in certain fields
Update,fmt/923,Dr2 3047 allow multiple sources in certain fields
Update,fmt/924,Dr2 3047 allow multiple sources in certain fields
Update,fmt/925,Dr2 3047 allow multiple sources in certain fields
Update,fmt/926,Dr2 3047 allow multiple sources in certain fields
Update,fmt/927,Dr2 3047 allow multiple sources in certain fields
Update,fmt/928,Dr2 3047 allow multiple sources in certain fields
Update,fmt/929,Dr2 3047 allow multiple sources in certain fields
Update,fmt/930,Dr2 3047 allow multiple sources in certain fields
Update,fmt/931,Dr2 3047 allow multiple sources in certain fields
Update,fmt/932,Dr2 3047 allow multiple sources in certain fields
Update,fmt/933,Dr2 3047 allow multiple sources in certain fields
Update,fmt/934,Dr2 3047 allow multiple sources in certain fields
Update,fmt/935,Dr2 3047 allow multiple sources in certain fields
Update,fmt/936,Dr2 3047 allow multiple sources in certain fields
Update,fmt/937,Dr2 3047 allow multiple sources in certain fields
Update,fmt/938,Dr2 3047 allow multiple sources in certain fields
Update,fmt/939,Dr2 3047 allow multiple sources in certain fields
Update,fmt/940,Dr2 3047 allow multiple sources in certain fields
Update,fmt/941,Dr2 3047 allow multiple sources in certain fields
Update,fmt/942,Dr2 3047 allow multiple sources in certain fields
Update,fmt/943,Dr2 3047 allow multiple sources in certain fields
Update,fmt/944,Dr2 3047 allow multiple sources in certain fields
Update,fmt/945,Dr2 3047 allow multiple sources in certain fields
Update,fmt/946,Dr2 3047 allow multiple sources in certain fields
Update,fmt/947,Dr2 3047 allow multiple sources in certain fields
Update,fmt/948,Dr2 3047 allow multiple sources in certain fields
Update,fmt/949,Dr2 3047 allow multiple sources in certain fields
Update,fmt/950,Dr2 3047 allow multiple sources in certain fields
Update,fmt/951,Dr2 3047 allow multiple sources in certain fields
Update,fmt/952,Dr2 3047 allow multiple sources in certain fields
Update,fmt/953,Dr2 3047 allow multiple sources in certain fields
Update,fmt/954,Dr2 3047 allow multiple sources in certain fields
Update,fmt/955,Dr2 3047 allow multiple sources in certain fields
Update,fmt/956,Dr2 3047 allow multiple sources in certain fields
Update,fmt/957,Dr2 3047 allow multiple sources in certain fields
Update,fmt/958,Dr2 3047 allow multiple sources in certain fields
Update,fmt/959,Dr2 3047 allow multiple sources in certain fields
Update,fmt/960,Dr2 3047 allow multiple sources in certain fields
Update,fmt/961,Dr2 3047 allow multiple sources in certain fields
Update,fmt/962,Dr2 3047 allow multiple sources in certain fields
Update,fmt/963,Dr2 3047 allow multiple sources in certain fields
Update,fmt/964,Dr2 3047 allow multiple sources in certain fields
Update,fmt/965,Dr2 3047 allow multiple sources in certain fields
Update,fmt/966,Dr2 3047 allow multiple sources in certain fields
Update,fmt/967,Dr2 3047 allow multiple sources in certain fields
Update,fmt/968,Dr2 3047 allow multiple sources in certain fields
Update,fmt/969,Dr2 3047 allow multiple sources in certain fields
Update,fmt/970,Dr2 3047 allow multiple sources in certain fields
Update,fmt/971,Dr2 3047 allow multiple sources in certain fields
Update,fmt/972,Dr2 3047 allow multiple sources in certain fields
Update,fmt/973,Dr2 3047 allow multiple sources in certain fields
Update,fmt/974,Dr2 3047 allow multiple sources in certain fields
Update,fmt/975,Dr2 3047 allow multiple sources in certain fields
Update,fmt/976,Dr2 3047 allow multiple sources in certain fields
Update,fmt/977,Dr2 3047 allow multiple sources in certain fields
Update,fmt/978,Dr2 3047 allow multiple sources in certain fields
Update,fmt/979,Dr2 3047 allow multiple sources in certain fields
Update,fmt/980,Dr2 3047 allow multiple sources in certain fields
Update,fmt/981,Dr2 3047 allow multiple sources in certain fields
Update,fmt/982,Dr2 3047 allow multiple sources in certain fields
Update,fmt/983,Dr2 3047 allow multiple sources in certain fields
Update,fmt/984,Dr2 3047 allow multiple sources in certain fields
Update,fmt/985,Dr2 3047 allow multiple sources in certain fields
Update,fmt/986,Dr2 3047 allow multiple sources in certain fields
Update,fmt/987,Dr2 3047 allow multiple sources in certain fields
Update,fmt/988,Dr2 3047 allow multiple sources in certain fields
Update,fmt/989,Dr2 3047 allow multiple sources in certain fields
Update,fmt/990,Dr2 3047 allow multiple sources in certain fields
Update,fmt/991,Dr2 3047 allow multiple sources in certain fields
Update,fmt/992,Dr2 3047 allow multiple sources in certain fields
Update,fmt/993,Dr2 3047 allow multiple sources in certain fields
Update,fmt/994,Dr2 3047 allow multiple sources in certain fields
Update,fmt/995,Dr2 3047 allow multiple sources in certain fields
Update,fmt/996,Dr2 3047 allow multiple sources in certain fields
Update,fmt/997,Dr2 3047 allow multiple sources in certain fields
Update,fmt/998,Dr2 3047 allow multiple sources in certain fields
Update,fmt/999,Dr2 3047 allow multiple sources in certain fields
Update,fmt/1000,Dr2 3047 allow multiple sources in certain fields
Update,fmt/1001,Dr2 3047 allow multiple sources in certain fields
Update,fmt/1002,Dr2 3047 allow multiple sources in certain fields
Update,fmt/1003,Dr2 3047 allow multiple sources in certain fields
Update,fmt/1004,Dr2 3047 allow multiple sources in certain fields
Update,fmt/1005,Dr2 3047 allow multiple sources in certain fields
Update,fmt/1006,Dr2 3047 allow multiple sources in certain fields
Update,fmt/1007,Dr2 3047 allow multiple sources in certain fields
Update,fmt/1008,Dr2 3047 allow multiple sources in certain fields
Update,fmt/1009,Dr2 3047 allow multiple sources in certain fields
Update,fmt/1010,Dr2 3047 allow multiple sources in certain fields
Update,fmt/1011,Dr2 3047 allow multiple sources in certain fields
Update,fmt/1012,Dr2 3047 allow multiple sources in certain fields
Update,fmt/1013,Dr2 3047 allow multiple sources in certain fields
Update,fmt/1014,Dr2 3047 allow multiple sources in certain fields
Update,fmt/1015,Dr2 3047 allow multiple sources in certain fields
Update,fmt/1016,Dr2 3047 allow multiple sources in certain fields
Update,fmt/1017,Dr2 3047 allow multiple sources in certain fields
Update,fmt/1018,Dr2 3047 allow multiple sources in certain fields
Update,fmt/1019,Dr2 3047 allow multiple sources in certain fields
Update,fmt/1020,Dr2 3047 allow multiple sources in certain fields
Update,fmt/1021,Dr2 3047 allow multiple sources in certain fields
Update,fmt/1022,Dr2 3047 allow multiple sources in certain fields
Update,fmt/1023,Dr2 3047 allow multiple sources in certain fields
Update,fmt/1024,Dr2 3047 allow multiple sources in certain fields
Update,fmt/1025,Dr2 3047 allow multiple sources in certain fields
Update,fmt/1026,Dr2 3047 allow multiple sources in certain fields
Update,fmt/1027,Dr2 3047 allow multiple sources in certain fields
Update,fmt/1028,Dr2 3047 allow multiple sources in certain fields
Update,fmt/1029,Dr2 3047 allow multiple sources in certain fields
Update,fmt/1030,Dr2 3047 allow multiple sources in certain fields
Update,fmt/1031,Dr2 3047 allow multiple sources in certain fields
Update,fmt/1032,Dr2 3047 allow multiple sources in certain fields
Update,fmt/1033,Dr2 3047 allow multiple sources in certain fields
Update,fmt/1034,Dr2 3047 allow multiple sources in certain fields
Update,fmt/1035,Dr2 3047 allow multiple sources in certain fields
Update,fmt/1036,Dr2 3047 allow multiple sources in certain fields
Update,fmt/1037,Dr2 3047 allow multiple sources in certain fields
Update,fmt/1038,Dr2 3047 allow multiple sources in certain fields
Update,fmt/1039,Dr2 3047 allow multiple sources in certain fields
Update,fmt/1040,Dr2 3047 allow multiple sources in certain fields
Update,fmt/1041,Dr2 3047 allow multiple sources in certain fields
Update,fmt/1042,Dr2 3047 allow multiple sources in certain fields
Update,fmt/1043,Dr2 3047 allow multiple sources in certain fields
Update,fmt/1044,Dr2 3047 allow multiple sources in certain fields
Update,fmt/1045,Dr2 3047 allow multiple sources in certain fields
Update,fmt/1046,Dr2 3047 allow multiple sources in certain fields
Update,fmt/1047,Dr2 3047 allow multiple sources in certain fields
Update,fmt/1048,Dr2 3047 allow multiple sources in certain fields
Update,fmt/1049,Dr2 3047 allow multiple sources in certain fields
Update,fmt/1050,Dr2 3047 allow multiple sources in certain fields
Update,fmt/1051,Dr2 3047 allow multiple sources in certain fields
Update,fmt/1052,Dr2 3047 allow multiple sources in certain fields
Update,fmt/1053,Dr2 3047 allow multiple sources in certain fields
Update,fmt/1054,Dr2 3047 allow multiple sources in certain fields
Update,fmt/1055,Dr2 3047 allow multiple sources in certain fields
Update,fmt/1056,Dr2 3047 allow multiple sources in certain fields
Update,fmt/1057,Dr2 3047 allow multiple sources in certain fields
Update,fmt/1058,Dr2 3047 allow multiple sources in certain fields
Update,fmt/1059,Dr2 3047 allow multiple sources in certain fields
Update,fmt/1060,Dr2 3047 allow multiple sources in certain fields
Update,fmt/1061,Dr2 3047 allow multiple sources in certain fields
Update,fmt/1062,Dr2 3047 allow multiple sources in certain fields
Update,fmt/1063,Dr2 3047 allow multiple sources in certain fields
Update,fmt/1064,Dr2 3047 allow multiple sources in certain fields
Update,fmt/1065,Dr2 3047 allow multiple sources in certain fields
Update,fmt/1066,Dr2 3047 allow multiple sources in certain fields
Update,fmt/1067,Dr2 3047 allow multiple sources in certain fields
Update,fmt/1068,Dr2 3047 allow multiple sources in certain fields
Update,fmt/1069,Dr2 3047 allow multiple sources in certain fields
Update,fmt/1070,Dr2 3047 allow multiple sources in certain fields
Update,fmt/1071,Dr2 3047 allow multiple sources in certain fields
Update,fmt/1072,Dr2 3047 allow multiple sources in certain fields
Update,fmt/1073,Dr2 3047 allow multiple sources in certain fields
Update,fmt/1074,Dr2 3047 allow multiple sources in certain fields
Update,fmt/1075,Dr2 3047 allow multiple sources in certain fields
Update,fmt/1076,Dr2 3047 allow multiple sources in certain fields
Update,fmt/1077,Dr2 3047 allow multiple sources in certain fields
Update,fmt/1078,Dr2 3047 allow multiple sources in certain fields
Update,fmt/1079,Dr2 3047 allow multiple sources in certain fields
Update,fmt/1080,Dr2 3047 allow multiple sources in certain fields
Update,fmt/1081,Dr2 3047 allow multiple sources in certain fields
Update,fmt/1082,Dr2 3047 allow multiple sources in certain fields
Update,fmt/1083,Dr2 3047 allow multiple sources in certain fields
Update,fmt/1084,Dr2 3047 allow multiple sources in certain fields
Update,fmt/1085,Dr2 3047 allow multiple sources in certain fields
Update,fmt/1086,Dr2 3047 allow multiple sources in certain fields
Update,fmt/1087,Dr2 3047 allow multiple sources in certain fields
Update,fmt/1088,Dr2 3047 allow multiple sources in certain fields
Update,fmt/1089,Dr2 3047 allow multiple sources in certain fields
Update,fmt/1090,Dr2 3047 allow multiple sources in certain fields
Update,fmt/1091,Dr2 3047 allow multiple sources in certain fields
Update,fmt/1092,Dr2 3047 allow multiple sources in certain fields
Update,fmt/1093,Dr2 3047 allow multiple sources in certain fields
Update,fmt/1094,Dr2 3047 allow multiple sources in certain fields
Update,fmt/1095,Dr2 3047 allow multiple sources in certain fields
Update,fmt/1096,Dr2 3047 allow multiple sources in certain fields
Update,fmt/1097,Dr2 3047 allow multiple sources in certain fields
Update,fmt/1098,Dr2 3047 allow multiple sources in certain fields
Update,fmt/1099,Dr2 3047 allow multiple sources in certain fields
Update,fmt/1100,Dr2 3047 allow multiple sources in certain fields
Update,fmt/1101,Dr2 3047 allow multiple sources in certain fields
Update,fmt/1102,Dr2 3047 allow multiple sources in certain fields
Update,fmt/1103,Dr2 3047 allow multiple sources in certain fields
Update,fmt/1104,Dr2 3047 allow multiple sources in certain fields
Update,fmt/1105,Dr2 3047 allow multiple sources in certain fields
Update,fmt/1106,Dr2 3047 allow multiple sources in certain fields
Update,fmt/1107,Dr2 3047 allow multiple sources in certain fields
Update,fmt/1108,Dr2 3047 allow multiple sources in certain fields
Update,fmt/1109,Dr2 3047 allow multiple sources in certain fields
Update,fmt/1110,Dr2 3047 allow multiple sources in certain fields
Update,fmt/1111,Dr2 3047 allow multiple sources in certain fields
Update,fmt/1112,Dr2 3047 allow multiple sources in certain fields
Update,fmt/1113,Dr2 3047 allow multiple sources in certain fields
Update,fmt/1114,Dr2 3047 allow multiple sources in certain fields
Update,fmt/1115,Dr2 3047 allow multiple sources in certain fields
Update,fmt/1116,Dr2 3047 allow multiple sources in certain fields
Update,fmt/1117,Dr2 3047 allow multiple sources in certain fields
Update,fmt/1118,Dr2 3047 allow multiple sources in certain fields
Update,fmt/1119,Dr2 3047 allow multiple sources in certain fields
Update,fmt/1120,Dr2 3047 allow multiple sources in certain fields
Update,fmt/1121,Dr2 3047 allow multiple sources in certain fields
Update,fmt/1122,Dr2 3047 allow multiple sources in certain fields
Update,fmt/1123,Dr2 3047 allow multiple sources in certain fields
Update,fmt/1124,Dr2 3047 allow multiple sources in certain fields
Update,fmt/1125,Dr2 3047 allow multiple sources in certain fields
Update,fmt/1126,Dr2 3047 allow multiple sources in certain fields
Update,fmt/1127,Dr2 3047 allow multiple sources in certain fields
Update,fmt/1128,Dr2 3047 allow multiple sources in certain fields
Update,fmt/1129,Dr2 3047 allow multiple sources in certain fields
Update,fmt/1130,Dr2 3047 allow multiple sources in certain fields
Update,fmt/1131,Dr2 3047 allow multiple sources in certain fields
Update,fmt/1132,Dr2 3047 allow multiple sources in certain fields
Update,fmt/1133,Dr2 3047 allow multiple sources in certain fields
Update,fmt/1134,Dr2 3047 allow multiple sources in certain fields
Update,fmt/1135,Dr2 3047 allow multiple sources in certain fields
Update,fmt/1136,Dr2 3047 allow multiple sources in certain fields
Update,fmt/1137,Dr2 3047 allow multiple sources in certain fields
Update,fmt/1138,Dr2 3047 allow multiple sources in certain fields
Update,fmt/1139,Dr2 3047 allow multiple sources in certain fields
Update,fmt/1140,Dr2 3047 allow multiple sources in certain fields
Update,fmt/1141,Dr2 3047 allow multiple sources in certain fields
Update,fmt/1142,Dr2 3047 allow multiple sources in certain fields
Update,fmt/1143,Dr2 3047 allow multiple sources in certain fields
Update,fmt/1144,Dr2 3047 allow multiple sources in certain fields
Update,fmt/1145,Dr2 3047 allow multiple sources in certain fields
Update,fmt/1146,Dr2 3047 allow multiple sources in certain fields
Update,fmt/1147,Dr2 3047 allow multiple sources in certain fields
Update,fmt/1148,Dr2 3047 allow multiple sources in certain fields
Update,fmt/1149,Dr2 3047 allow multiple sources in certain fields
Update,fmt/1150,Dr2 3047 allow multiple sources in certain fields
Update,fmt/1151,Dr2 3047 allow multiple sources in certain fields
Update,fmt/1152,Dr2 3047 allow multiple sources in certain fields
Update,fmt/1153,Dr2 3047 allow multiple sources in certain fields
Update,fmt/1154,Dr2 3047 allow multiple sources in certain fields
Update,fmt/1155,Dr2 3047 allow multiple sources in certain fields
Update,fmt/1156,Dr2 3047 allow multiple sources in certain fields
Update,fmt/1157,Dr2 3047 allow multiple sources in certain fields
Update,fmt/1158,Dr2 3047 allow multiple sources in certain fields
Update,fmt/1159,Dr2 3047 allow multiple sources in certain fields
Update,fmt/1160,Dr2 3047 allow multiple sources in certain fields
Update,fmt/1161,Dr2 3047 allow multiple sources in certain fields
Update,fmt/1162,Dr2 3047 allow multiple sources in certain fields
Update,fmt/1163,Dr2 3047 allow multiple sources in certain fields
Update,fmt/1164,Dr2 3047 allow multiple sources in certain fields
Update,fmt/1165,Dr2 3047 allow multiple sources in certain fields
Update,fmt/1166,Dr2 3047 allow multiple sources in certain fields
Update,fmt/1167,Dr2 3047 allow multiple sources in certain fields
Update,fmt/1168,Dr2 3047 allow multiple sources in certain fields
Update,fmt/1169,Dr2 3047 allow multiple sources in certain fields
Update,fmt/1170,Dr2 3047 allow multiple sources in certain fields
Update,fmt/1171,Dr2 3047 allow multiple sources in certain fields
Update,fmt/1172,Dr2 3047 allow multiple sources in certain fields
Update,fmt/1173,Dr2 3047 allow multiple sources in certain fields
Update,fmt/1174,Dr2 3047 allow multiple sources in certain fields
Update,fmt/1175,Dr2 3047 allow multiple sources in certain fields
Update,fmt/1176,Dr2 3047 allow multiple sources in certain fields
Update,fmt/1177,Dr2 3047 allow multiple sources in certain fields
Update,fmt/1178,Dr2 3047 allow multiple sources in certain fields
Update,fmt/1179,Dr2 3047 allow multiple sources in certain fields
Update,fmt/1180,Dr2 3047 allow multiple sources in certain fields
Update,fmt/1181,Dr2 3047 allow multiple sources in certain fields
Update,fmt/1182,Dr2 3047 allow multiple sources in certain fields
Update,fmt/1183,Dr2 3047 allow multiple sources in certain fields
Update,fmt/1184,Dr2 3047 allow multiple sources in certain fields
Update,fmt/1185,Dr2 3047 allow multiple sources in certain fields
Update,fmt/1186,Dr2 3047 allow multiple sources in certain fields
Update,fmt/1187,Dr2 3047 allow multiple sources in certain fields
Update,fmt/1188,Dr2 3047 allow multiple sources in certain fields
Update,fmt/1189,Dr2 3047 allow multiple sources in certain fields
Update,fmt/1190,Dr2 3047 allow multiple sources in certain fields
Update,fmt/1191,Dr2 3047 allow multiple sources in certain fields
Update,fmt/1192,Dr2 3047 allow multiple sources in certain fields
Update,fmt/1193,Dr2 3047 allow multiple sources in certain fields
Update,fmt/1194,Dr2 3047 allow multiple sources in certain fields
Update,fmt/1195,Dr2 3047 allow multiple sources in certain fields
Update,fmt/1196,Dr2 3047 allow multiple sources in certain fields
Update,fmt/1197,Dr2 3047 allow multiple sources in certain fields
Update,fmt/1198,Dr2 3047 allow multiple sources in certain fields
Update,fmt/1199,Dr2 3047 allow multiple sources in certain fields
Update,fmt/1200,Dr2 3047 allow multiple sources in certain fields
Update,fmt/1201,Dr2 3047 allow multiple sources in certain fields
Update,fmt/1202,Dr2 3047 allow multiple sources in certain fields
Update,fmt/1203,Dr2 3047 allow multiple sources in certain fields
Update,fmt/1204,Dr2 3047 allow multiple sources in certain fields
Update,fmt/1205,Dr2 3047 allow multiple sources in certain fields
Update,fmt/1206,Dr2 3047 allow multiple sources in certain fields
Update,fmt/1207,Dr2 3047 allow multiple sources in certain fields
Update,fmt/1208,Dr2 3047 allow multiple sources in certain fields
Update,fmt/1209,Dr2 3047 allow multiple sources in certain fields
Update,fmt/1210,Dr2 3047 allow multiple sources in certain fields
Update,fmt/1211,Dr2 3047 allow multiple sources in certain fields
Update,fmt/1212,Dr2 3047 allow multiple sources in certain fields
Update,fmt/1213,Dr2 3047 allow multiple sources in certain fields
Update,fmt/1214,Dr2 3047 allow multiple sources in certain fields
Update,fmt/1215,Dr2 3047 allow multiple sources in certain fields
Update,fmt/1216,Dr2 3047 allow multiple sources in certain fields
Update,fmt/1217,Dr2 3047 allow multiple sources in certain fields
Update,fmt/1218,Dr2 3047 allow multiple sources in certain fields
Update,fmt/1219,Dr2 3047 allow multiple sources in certain fields
Update,fmt/1220,Dr2 3047 allow multiple sources in certain fields
Update,fmt/1221,Dr2 3047 allow multiple sources in certain fields
Update,fmt/1222,Dr2 3047 allow multiple sources in certain fields
Update,fmt/1223,Dr2 3047 allow multiple sources in certain fields
Update,fmt/1224,Dr2 3047 allow multiple sources in certain fields
Update,fmt/1225,Dr2 3047 allow multiple sources in certain fields
Update,fmt/1226,Dr2 3047 allow multiple sources in certain fields
Update,fmt/1227,Dr2 3047 allow multiple sources in certain fields
Update,fmt/1228,Dr2 3047 allow multiple sources in certain fields
Update,fmt/1229,Dr2 3047 allow multiple sources in certain fields
Update,fmt/1230,Dr2 3047 allow multiple sources in certain fields
Update,fmt/1231,Dr2 3047 allow multiple sources in certain fields
Update,fmt/1232,Dr2 3047 allow multiple sources in certain fields
Update,fmt/1233,Dr2 3047 allow multiple sources in certain fields
Update,fmt/1234,Dr2 3047 allow multiple sources in certain fields
Update,fmt/1235,Dr2 3047 allow multiple sources in certain fields
Update,fmt/1236,Dr2 3047 allow multiple sources in certain fields
Update,fmt/1237,Dr2 3047 allow multiple sources in certain fields
Update,fmt/1238,Dr2 3047 allow multiple sources in certain fields
Update,fmt/1239,Dr2 3047 allow multiple sources in certain fields
Update,fmt/1240,Dr2 3047 allow multiple sources in certain fields
Update,fmt/1241,Dr2 3047 allow multiple sources in certain fields
Update,fmt/1242,Dr2 3047 allow multiple sources in certain fields
Update,fmt/1243,Dr2 3047 allow multiple sources in certain fields
Update,fmt/1244,Dr2 3047 allow multiple sources in certain fields
Update,fmt/1245,Dr2 3047 allow multiple sources in certain fields
Update,fmt/1246,Dr2 3047 allow multiple sources in certain fields
Update,fmt/1247,Dr2 3047 allow multiple sources in certain fields
Update,fmt/1248,Dr2 3047 allow multiple sources in certain fields
Update,fmt/1249,Dr2 3047 allow multiple sources in certain fields
Update,fmt/1250,Dr2 3047 allow multiple sources in certain fields
Update,fmt/1251,Dr2 3047 allow multiple sources in certain fields
Update,fmt/1252,Dr2 3047 allow multiple sources in certain fields
Update,fmt/1253,Dr2 3047 allow multiple sources in certain fields
Update,fmt/1254,Dr2 3047 allow multiple sources in certain fields
Update,fmt/1255,Dr2 3047 allow multiple sources in certain fields
Update,fmt/1256,Dr2 3047 allow multiple sources in certain fields
Update,fmt/1257,Dr2 3047 allow multiple sources in certain fields
Update,fmt/1258,Dr2 3047 allow multiple sources in certain fields
Update,fmt/1259,Dr2 3047 allow multiple sources in certain fields
Update,fmt/1260,Dr2 3047 allow multiple sources in certain fields
Update,fmt/1261,Dr2 3047 allow multiple sources in certain fields
Update,fmt/1262,Dr2 3047 allow multiple sources in certain fields
Update,fmt/1263,Dr2 3047 allow multiple sources in certain fields
Update,fmt/1264,Dr2 3047 allow multiple sources in certain fields
Update,fmt/1265,Dr2 3047 allow multiple sources in certain fields
Update,fmt/1266,Dr2 3047 allow multiple sources in certain fields
Update,fmt/1267,Dr2 3047 allow multiple sources in certain fields
Update,fmt/1268,Dr2 3047 allow multiple sources in certain fields
Update,fmt/1269,Dr2 3047 allow multiple sources in certain fields
Update,fmt/1270,Dr2 3047 allow multiple sources in certain fields
Update,fmt/1271,Dr2 3047 allow multiple sources in certain fields
Update,fmt/1272,Dr2 3047 allow multiple sources in certain fields
Update,fmt/1273,Dr2 3047 allow multiple sources in certain fields
Update,fmt/1274,Dr2 3047 allow multiple sources in certain fields
Update,fmt/1275,Dr2 3047 allow multiple sources in certain fields
Update,fmt/1276,Dr2 3047 allow multiple sources in certain fields
Update,fmt/1277,Dr2 3047 allow multiple sources in certain fields
Update,fmt/1278,Dr2 3047 allow multiple sources in certain fields
Update,fmt/1279,Dr2 3047 allow multiple sources in certain fields
Update,fmt/1280,Dr2 3047 allow multiple sources in certain fields
Update,fmt/1281,Dr2 3047 allow multiple sources in certain fields
Update,fmt/1282,Dr2 3047 allow multiple sources in certain fields
Update,fmt/1283,Dr2 3047 allow multiple sources in certain fields
Update,fmt/1284,Dr2 3047 allow multiple sources in certain fields
Update,fmt/1285,Dr2 3047 allow multiple sources in certain fields
Update,fmt/1286,Dr2 3047 allow multiple sources in certain fields
Update,fmt/1287,Dr2 3047 allow multiple sources in certain fields
Update,fmt/1288,Dr2 3047 allow multiple sources in certain fields
Update,fmt/1289,Dr2 3047 allow multiple sources in certain fields
Update,fmt/1290,Dr2 3047 allow multiple sources in certain fields
Update,fmt/1291,Dr2 3047 allow multiple sources in certain fields
Update,fmt/1292,Dr2 3047 allow multiple sources in certain fields
Update,fmt/1293,Dr2 3047 allow multiple sources in certain fields
Update,fmt/1294,Dr2 3047 allow multiple sources in certain fields
Update,fmt/1295,Dr2 3047 allow multiple sources in certain fields
Update,fmt/1296,Dr2 3047 allow multiple sources in certain fields
Update,fmt/1297,Dr2 3047 allow multiple sources in certain fields
Update,fmt/1298,Dr2 3047 allow multiple sources in certain fields
Update,fmt/1299,Dr2 3047 allow multiple sources in certain fields
Update,fmt/1300,Dr2 3047 allow multiple sources in certain fields
Update,fmt/1301,Dr2 3047 allow multiple sources in certain fields
Update,fmt/1302,Dr2 3047 allow multiple sources in certain fields
Update,fmt/1303,Dr2 3047 allow multiple sources in certain fields
Update,fmt/1304,Dr2 3047 allow multiple sources in certain fields
Update,fmt/1305,Dr2 3047 allow multiple sources in certain fields
Update,fmt/1306,Dr2 3047 allow multiple sources in certain fields
Update,fmt/1307,Dr2 3047 allow multiple sources in certain fields
Update,fmt/1308,Dr2 3047 allow multiple sources in certain fields
Update,fmt/1309,Dr2 3047 allow multiple sources in certain fields
Update,fmt/1310,Dr2 3047 allow multiple sources in certain fields
Update,fmt/1311,Dr2 3047 allow multiple sources in certain fields
Update,fmt/1312,Dr2 3047 allow multiple sources in certain fields
Update,fmt/1313,Dr2 3047 allow multiple sources in certain fields
Update,fmt/1314,Dr2 3047 allow multiple sources in certain fields
Update,fmt/1315,Dr2 3047 allow multiple sources in certain fields
Update,fmt/1316,Dr2 3047 allow multiple sources in certain fields
Update,fmt/1317,Dr2 3047 allow multiple sources in certain fields
Update,fmt/1318,Dr2 3047 allow multiple sources in certain fields
Update,fmt/1319,Dr2 3047 allow multiple sources in certain fields
Update,fmt/1320,Dr2 3047 allow multiple sources in certain fields
Update,fmt/1321,Dr2 3047 allow multiple sources in certain fields
Update,fmt/1322,Dr2 3047 allow multiple sources in certain fields
Update,fmt/1323,Dr2 3047 allow multiple sources in certain fields
Update,fmt/1324,Dr2 3047 allow multiple sources in certain fields
Update,fmt/1325,Dr2 3047 allow multiple sources in certain fields
Update,fmt/1326,Dr2 3047 allow multiple sources in certain fields
Update,fmt/1327,Dr2 3047 allow multiple sources in certain fields
Update,fmt/1328,Dr2 3047 allow multiple sources in certain fields
Update,fmt/1329,Dr2 3047 allow multiple sources in certain fields
Update,fmt/1330,Dr2 3047 allow multiple sources in certain fields
Update,fmt/1331,Dr2 3047 allow multiple sources in certain fields
Update,fmt/1332,Dr2 3047 allow multiple sources in certain fields
Update,fmt/1333,Dr2 3047 allow multiple sources in certain fields
Update,fmt/1334,Dr2 3047 allow multiple sources in certain fields
Update,fmt/1335,Dr2 3047 allow multiple sources in certain fields
Update,fmt/1336,Dr2 3047 allow multiple sources in certain fields
Update,fmt/1337,Dr2 3047 allow multiple sources in certain fields
Update,fmt/1338,Dr2 3047 allow multiple sources in certain fields
Update,fmt/1339,Dr2 3047 allow multiple sources in certain fields
Update,fmt/1340,Dr2 3047 allow multiple sources in certain fields
Update,fmt/1341,Dr2 3047 allow multiple sources in certain fields
Update,fmt/1342,Dr2 3047 allow multiple sources in certain fields
Update,fmt/1343,Dr2 3047 allow multiple sources in certain fields
Update,fmt/1344,Dr2 3047 allow multiple sources in certain fields
Update,fmt/1345,Dr2 3047 allow multiple sources in certain fields
Update,fmt/1346,Dr2 3047 allow multiple sources in certain fields
Update,fmt/1347,Dr2 3047 allow multiple sources in certain fields
Update,fmt/1348,Dr2 3047 allow multiple sources in certain fields
Update,fmt/1349,Dr2 3047 allow multiple sources in certain fields
Update,fmt/1350,Dr2 3047 allow multiple sources in certain fields
Update,fmt/1351,Dr2 3047 allow multiple sources in certain fields
Update,fmt/1352,Dr2 3047 allow multiple sources in certain fields
Update,fmt/1353,Dr2 3047 allow multiple sources in certain fields
Update,fmt/1354,Dr2 3047 allow multiple sources in certain fields
Update,fmt/1355,Dr2 3047 allow multiple sources in certain fields
Update,fmt/1356,Dr2 3047 allow multiple sources in certain fields
Update,fmt/1357,Dr2 3047 allow multiple sources in certain fields
Update,fmt/1358,Dr2 3047 allow multiple sources in certain fields
Update,fmt/1359,Dr2 3047 allow multiple sources in certain fields
Update,fmt/1360,Dr2 3047 allow multiple sources in certain fields
Update,fmt/1361,Dr2 3047 allow multiple sources in certain fields
Update,fmt/1362,Dr2 3047 allow multiple sources in certain fields
Update,fmt/1363,Dr2 3047 allow multiple sources in certain fields
Update,fmt/1364,Dr2 3047 allow multiple sources in certain fields
Update,fmt/1365,Dr2 3047 allow multiple sources in certain fields
Update,fmt/1366,Dr2 3047 allow multiple sources in certain fields
Update,fmt/1367,Dr2 3047 allow multiple sources in certain fields
Update,fmt/1368,Dr2 3047 allow multiple sources in certain fields
Update,fmt/1369,Dr2 3047 allow multiple sources in certain fields
Update,fmt/1370,Dr2 3047 allow multiple sources in certain fields
Update,fmt/1371,Dr2 3047 allow multiple sources in certain fields
Update,fmt/1372,Dr2 3047 allow multiple sources in certain fields
Update,fmt/1373,Dr2 3047 allow multiple sources in certain fields
Update,fmt/1374,Dr2 3047 allow multiple sources in certain fields
Update,fmt/1375,Dr2 3047 allow multiple sources in certain fields
Update,fmt/1376,Dr2 3047 allow multiple sources in certain fields
Update,fmt/1377,Dr2 3047 allow multiple sources in certain fields
Update,fmt/1378,Dr2 3047 allow multiple sources in certain fields
Update,fmt/1379,Dr2 3047 allow multiple sources in certain fields
Update,fmt/1380,Dr2 3047 allow multiple sources in certain fields
Update,fmt/1381,Dr2 3047 allow multiple sources in certain fields
Update,fmt/1382,Dr2 3047 allow multiple sources in certain fields
Update,fmt/1383,Dr2 3047 allow multiple sources in certain fields
Update,fmt/1384,Dr2 3047 allow multiple sources in certain fields
Update,fmt/1385,Dr2 3047 allow multiple sources in certain fields
Update,fmt/1386,Dr2 3047 allow multiple sources in certain fields
Update,fmt/1387,Dr2 3047 allow multiple sources in certain fields
Update,fmt/1388,Dr2 3047 allow multiple sources in certain fields
Update,fmt/1389,Dr2 3047 allow multiple sources in certain fields
Update,fmt/1390,Dr2 3047 allow multiple sources in certain fields
Update,fmt/1391,Dr2 3047 allow multiple sources in certain fields
Update,fmt/1392,Dr2 3047 allow multiple sources in certain fields
Update,fmt/1393,Dr2 3047 allow multiple sources in certain fields
Update,fmt/1394,Dr2 3047 allow multiple sources in certain fields
Update,fmt/1395,Dr2 3047 allow multiple sources in certain fields
Update,fmt/1396,Dr2 3047 allow multiple sources in certain fields
Update,fmt/1397,Dr2 3047 allow multiple sources in certain fields
Update,fmt/1398,Dr2 3047 allow multiple sources in certain fields
Update,fmt/1399,Dr2 3047 allow multiple sources in certain fields
Update,fmt/1400,Dr2 3047 allow multiple sources in certain fields
Update,fmt/1401,Dr2 3047 allow multiple sources in certain fields
Update,fmt/1402,Dr2 3047 allow multiple sources in certain fields
Update,fmt/1403,Dr2 3047 allow multiple sources in certain fields
Update,fmt/1404,Dr2 3047 allow multiple sources in certain fields
Update,fmt/1405,Dr2 3047 allow multiple sources in certain fields
Update,fmt/1406,Dr2 3047 allow multiple sources in certain fields
Update,fmt/1407,Dr2 3047 allow multiple sources in certain fields
Update,fmt/1408,Dr2 3047 allow multiple sources in certain fields
Update,fmt/1409,Dr2 3047 allow multiple sources in certain fields
Update,fmt/1410,Dr2 3047 allow multiple sources in certain fields
Update,fmt/1411,Dr2 3047 allow multiple sources in certain fields
Update,fmt/1412,Dr2 3047 allow multiple sources in certain fields
Update,fmt/1413,Dr2 3047 allow multiple sources in certain fields
Update,fmt/1414,Dr2 3047 allow multiple sources in certain fields
Update,fmt/1415,Dr2 3047 allow multiple sources in certain fields
Update,fmt/1416,Dr2 3047 allow multiple sources in certain fields
Update,fmt/1417,Dr2 3047 allow multiple sources in certain fields
Update,fmt/1418,Dr2 3047 allow multiple sources in certain fields
Update,fmt/1419,Dr2 3047 allow multiple sources in certain fields
Update,fmt/1420,Dr2 3047 allow multiple sources in certain fields
Update,fmt/1421,Dr2 3047 allow multiple sources in certain fields
Update,fmt/1422,Dr2 3047 allow multiple sources in certain fields
Update,fmt/1423,Dr2 3047 allow multiple sources in certain fields
Update,fmt/1424,Dr2 3047 allow multiple sources in certain fields
Update,fmt/1425,Dr2 3047 allow multiple sources in certain fields
Update,fmt/1426,Dr2 3047 allow multiple sources in certain fields
Update,fmt/1427,Dr2 3047 allow multiple sources in certain fields
Update,fmt/1428,Dr2 3047 allow multiple sources in certain fields
Update,fmt/1429,Dr2 3047 allow multiple sources in certain fields
Update,fmt/1430,Dr2 3047 allow multiple sources in certain fields
Update,fmt/1431,Dr2 3047 allow multiple sources in certain fields
Update,fmt/1432,Dr2 3047 allow multiple sources in certain fields
Update,fmt/1433,Dr2 3047 allow multiple sources in certain fields
Update,fmt/1434,Dr2 3047 allow multiple sources in certain fields
Update,fmt/1435,Dr2 3047 allow multiple sources in certain fields
Update,fmt/1436,Dr2 3047 allow multiple sources in certain fields
Update,fmt/1437,Dr2 3047 allow multiple sources in certain fields
Update,fmt/1438,Dr2 3047 allow multiple sources in certain fields
Update,fmt/1439,Dr2 3047 allow multiple sources in certain fields
Update,fmt/1440,Dr2 3047 allow multiple sources in certain fields
Update,fmt/1441,Dr2 3047 allow multiple sources in certain fields
Update,fmt/1442,Dr2 3047 allow multiple sources in certain fields
Update,fmt/1443,Dr2 3047 allow multiple sources in certain fields
Update,fmt/1444,Dr2 3047 allow multiple sources in certain fields
Update,fmt/1445,Dr2 3047 allow multiple sources in certain fields
Update,fmt/1446,Dr2 3047 allow multiple sources in certain fields
Update,fmt/1447,Dr2 3047 allow multiple sources in certain fields
Update,fmt/1448,Dr2 3047 allow multiple sources in certain fields
Update,fmt/1449,Dr2 3047 allow multiple sources in certain fields
Update,fmt/1450,Dr2 3047 allow multiple sources in certain fields
Update,fmt/1451,Dr2 3047 allow multiple sources in certain fields
Update,fmt/1452,Dr2 3047 allow multiple sources in certain fields
Update,fmt/1453,Dr2 3047 allow multiple sources in certain fields
Update,fmt/1454,Dr2 3047 allow multiple sources in certain fields
Update,fmt/1455,Dr2 3047 allow multiple sources in certain fields
Update,fmt/1456,Dr2 3047 allow multiple sources in certain fields
Update,fmt/1457,Dr2 3047 allow multiple sources in certain fields
Update,fmt/1458,Dr2 3047 allow multiple sources in certain fields
Update,fmt/1459,Dr2 3047 allow multiple sources in certain fields
Update,fmt/1460,Dr2 3047 allow multiple sources in certain fields
Update,fmt/1461,Dr2 3047 allow multiple sources in certain fields
Update,fmt/1462,Dr2 3047 allow multiple sources in certain fields
Update,fmt/1463,Dr2 3047 allow multiple sources in certain fields
Update,fmt/1464,Dr2 3047 allow multiple sources in certain fields
Update,fmt/1465,Dr2 3047 allow multiple sources in certain fields
Update,fmt/1466,Dr2 3047 allow multiple sources in certain fields
Update,fmt/1467,Dr2 3047 allow multiple sources in certain fields
Update,fmt/1468,Dr2 3047 allow multiple sources in certain fields
Update,fmt/1469,Dr2 3047 allow multiple sources in certain fields
Update,fmt/1470,Dr2 3047 allow multiple sources in certain fields
Update,fmt/1471,Dr2 3047 allow multiple sources in certain fields
Update,fmt/1472,Dr2 3047 allow multiple sources in certain fields
Update,fmt/1473,Dr2 3047 allow multiple sources in certain fields
Update,fmt/1474,Dr2 3047 allow multiple sources in certain fields
Update,fmt/1475,Dr2 3047 allow multiple sources in certain fields
Update,fmt/1476,Dr2 3047 allow multiple sources in certain fields
Update,fmt/1477,Dr2 3047 allow multiple sources in certain fields
Update,fmt/1478,Dr2 3047 allow multiple sources in certain fields
Update,fmt/1479,Dr2 3047 allow multiple sources in certain fields
Update,fmt/1480,Dr2 3047 allow multiple sources in certain fields
Update,fmt/1481,Dr2 3047 allow multiple sources in certain fields
Update,fmt/1482,Dr2 3047 allow multiple sources in certain fields
Update,fmt/1483,Dr2 3047 allow multiple sources in certain fields
Update,fmt/1484,Dr2 3047 allow multiple sources in certain fields
Update,fmt/1485,Dr2 3047 allow multiple sources in certain fields
Update,fmt/1486,Dr2 3047 allow multiple sources in certain fields
Update,fmt/1487,Dr2 3047 allow multiple sources in certain fields
Update,fmt/1488,Dr2 3047 allow multiple sources in certain fields
Update,fmt/1489,Dr2 3047 allow multiple sources in certain fields
Update,fmt/1490,Dr2 3047 allow multiple sources in certain fields
Update,fmt/1491,Dr2 3047 allow multiple sources in certain fields
Update,fmt/1492,Dr2 3047 allow multiple sources in certain fields
Update,fmt/1493,Dr2 3047 allow multiple sources in certain fields
Update,fmt/1494,Dr2 3047 allow multiple sources in certain fields
Update,fmt/1495,Dr2 3047 allow multiple sources in certain fields
Update,fmt/1496,Dr2 3047 allow multiple sources in certain fields
Update,fmt/1497,Dr2 3047 allow multiple sources in certain fields
Update,fmt/1498,Dr2 3047 allow multiple sources in certain fields
Update,fmt/1499,Dr2 3047 allow multiple sources in certain fields
Update,fmt/1500,Dr2 3047 allow multiple sources in certain fields
Update,fmt/1501,Dr2 3047 allow multiple sources in certain fields
Update,fmt/1502,Dr2 3047 allow multiple sources in certain fields
Update,fmt/1503,Dr2 3047 allow multiple sources in certain fields
Update,fmt/1504,Dr2 3047 allow multiple sources in certain fields
Update,fmt/1505,Dr2 3047 allow multiple sources in certain fields
Update,fmt/1506,Dr2 3047 allow multiple sources in certain fields
Update,fmt/1507,Dr2 3047 allow multiple sources in certain fields
Update,fmt/1508,Dr2 3047 allow multiple sources in certain fields
Update,fmt/1509,Dr2 3047 allow multiple sources in certain fields
Update,fmt/1510,Dr2 3047 allow multiple sources in certain fields
Update,fmt/1511,Dr2 3047 allow multiple sources in certain fields
Update,fmt/1512,Dr2 3047 allow multiple sources in certain fields
Update,fmt/1513,Dr2 3047 allow multiple sources in certain fields
Update,fmt/1514,Dr2 3047 allow multiple sources in certain fields
Update,fmt/1515,Dr2 3047 allow multiple sources in certain fields
Update,fmt/1516,Dr2 3047 allow multiple sources in certain fields
Update,fmt/1517,Dr2 3047 allow multiple sources in certain fields
Update,fmt/1518,Dr2 3047 allow multiple sources in certain fields
Update,fmt/1519,Dr2 3047 allow multiple sources in certain fields
Update,fmt/1520,Dr2 3047 allow multiple sources in certain fields
Update,fmt/1521,Dr2 3047 allow multiple sources in certain fields
Update,fmt/1522,Dr2 3047 allow multiple sources in certain fields
Update,fmt/1523,Dr2 3047 allow multiple sources in certain fields
Update,fmt/1524,Dr2 3047 allow multiple sources in certain fields
Update,fmt/1525,Dr2 3047 allow multiple sources in certain fields
Update,fmt/1526,Dr2 3047 allow multiple sources in certain fields
Update,fmt/1527,Dr2 3047 allow multiple sources in certain fields
Update,fmt/1528,Dr2 3047 allow multiple sources in certain fields
Update,fmt/1529,Dr2 3047 allow multiple sources in certain fields
Update,fmt/1530,Dr2 3047 allow multiple sources in certain fields
Update,fmt/1531,Dr2 3047 allow multiple sources in certain fields
Update,fmt/1532,Dr2 3047 allow multiple sources in certain fields
Update,fmt/1533,Dr2 3047 allow multiple sources in certain fields
Update,fmt/1534,Dr2 3047 allow multiple sources in certain fields
Update,fmt/1535,Dr2 3047 allow multiple sources in certain fields
Update,fmt/1536,Dr2 3047 allow multiple sources in certain fields
Update,fmt/1537,Dr2 3047 allow multiple sources in certain fields
Update,fmt/1538,Dr2 3047 allow multiple sources in certain fields
Update,fmt/1539,Dr2 3047 allow multiple sources in certain fields
Update,fmt/1540,Dr2 3047 allow multiple sources in certain fields
Update,fmt/1541,Dr2 3047 allow multiple sources in certain fields
Update,fmt/1542,Dr2 3047 allow multiple sources in certain fields
Update,fmt/1543,Dr2 3047 allow multiple sources in certain fields
Update,fmt/1544,Dr2 3047 allow multiple sources in certain fields
Update,fmt/1545,Dr2 3047 allow multiple sources in certain fields
Update,fmt/1546,Dr2 3047 allow multiple sources in certain fields
Update,fmt/1547,Dr2 3047 allow multiple sources in certain fields
Update,fmt/1548,Dr2 3047 allow multiple sources in certain fields
Update,fmt/1549,Dr2 3047 allow multiple sources in certain fields
Update,fmt/1550,Dr2 3047 allow multiple sources in certain fields
Update,fmt/1551,Dr2 3047 allow multiple sources in certain fields
Update,fmt/1552,Dr2 3047 allow multiple sources in certain fields
Update,fmt/1553,Dr2 3047 allow multiple sources in certain fields
Update,fmt/1554,Dr2 3047 allow multiple sources in certain fields
Update,fmt/1555,Dr2 3047 allow multiple sources in certain fields
Update,fmt/1556,Dr2 3047 allow multiple sources in certain fields
Update,fmt/1557,Dr2 3047 allow multiple sources in certain fields
Update,fmt/1558,Dr2 3047 allow multiple sources in certain fields
Update,fmt/1559,Dr2 3047 allow multiple sources in certain fields
Update,fmt/1560,Dr2 3047 allow multiple sources in certain fields
Update,fmt/1561,Dr2 3047 allow multiple sources in certain fields
Update,fmt/1562,Dr2 3047 allow multiple sources in certain fields
Update,fmt/1563,Dr2 3047 allow multiple sources in certain fields
Update,fmt/1564,Dr2 3047 allow multiple sources in certain fields
Update,fmt/1565,Dr2 3047 allow multiple sources in certain fields
Update,fmt/1566,Dr2 3047 allow multiple sources in certain fields
Update,fmt/1567,Dr2 3047 allow multiple sources in certain fields
Update,fmt/1568,Dr2 3047 allow multiple sources in certain fields
Update,fmt/1569,Dr2 3047 allow multiple sources in certain fields
Update,fmt/1570,Dr2 3047 allow multiple sources in certain fields
Update,fmt/1571,Dr2 3047 allow multiple sources in certain fields
Update,fmt/1572,Dr2 3047 allow multiple sources in certain fields
Update,fmt/1573,Dr2 3047 allow multiple sources in certain fields
Update,fmt/1574,Dr2 3047 allow multiple sources in certain fields
Update,fmt/1575,Dr2 3047 allow multiple sources in certain fields
Update,fmt/1576,Dr2 3047 allow multiple sources in certain fields
Update,fmt/1577,Dr2 3047 allow multiple sources in certain fields
Update,fmt/1578,Dr2 3047 allow multiple sources in certain fields
Update,fmt/1579,Dr2 3047 allow multiple sources in certain fields
Update,fmt/1580,Dr2 3047 allow multiple sources in certain fields
Update,fmt/1581,Dr2 3047 allow multiple sources in certain fields
Update,fmt/1582,Dr2 3047 allow multiple sources in certain fields
Update,fmt/1583,Dr2 3047 allow multiple sources in certain fields
Update,fmt/1584,Dr2 3047 allow multiple sources in certain fields
Update,fmt/1585,Dr2 3047 allow multiple sources in certain fields
Update,fmt/1586,Dr2 3047 allow multiple sources in certain fields
Update,fmt/1587,Dr2 3047 allow multiple sources in certain fields
Update,fmt/1588,Dr2 3047 allow multiple sources in certain fields
Update,fmt/1589,Dr2 3047 allow multiple sources in certain fields
Update,fmt/1590,Dr2 3047 allow multiple sources in certain fields
Update,fmt/1591,Dr2 3047 allow multiple sources in certain fields
Update,fmt/1592,Dr2 3047 allow multiple sources in certain fields
Update,fmt/1593,Dr2 3047 allow multiple sources in certain fields
Update,fmt/1594,Dr2 3047 allow multiple sources in certain fields
Update,fmt/1595,Dr2 3047 allow multiple sources in certain fields
Update,fmt/1596,Dr2 3047 allow multiple sources in certain fields
Update,fmt/1597,Dr2 3047 allow multiple sources in certain fields
Update,fmt/1598,Dr2 3047 allow multiple sources in certain fields
Update,fmt/1599,Dr2 3047 allow multiple sources in certain fields
Update,fmt/1600,Dr2 3047 allow multiple sources in certain fields
Update,fmt/1601,Dr2 3047 allow multiple sources in certain fields
Update,fmt/1602,Dr2 3047 allow multiple sources in certain fields
Update,fmt/1603,Dr2 3047 allow multiple sources in certain fields
Update,fmt/1604,Dr2 3047 allow multiple sources in certain fields
Update,fmt/1605,Dr2 3047 allow multiple sources in certain fields
Update,fmt/1606,Dr2 3047 allow multiple sources in certain fields
Update,fmt/1607,Dr2 3047 allow multiple sources in certain fields
Update,fmt/1608,Dr2 3047 allow multiple sources in certain fields
Update,fmt/1609,Dr2 3047 allow multiple sources in certain fields
Update,fmt/1610,Dr2 3047 allow multiple sources in certain fields
Update,fmt/1611,Dr2 3047 allow multiple sources in certain fields
Update,fmt/1612,Dr2 3047 allow multiple sources in certain fields
Update,fmt/1613,Dr2 3047 allow multiple sources in certain fields
Update,fmt/1614,Dr2 3047 allow multiple sources in certain fields
Update,fmt/1615,Dr2 3047 allow multiple sources in certain fields
Update,fmt/1616,Dr2 3047 allow multiple sources in certain fields
Update,fmt/1617,Dr2 3047 allow multiple sources in certain fields
Update,fmt/1618,Dr2 3047 allow multiple sources in certain fields
Update,fmt/1619,Dr2 3047 allow multiple sources in certain fields
Update,fmt/1620,Dr2 3047 allow multiple sources in certain fields
Update,fmt/1621,Dr2 3047 allow multiple sources in certain fields
Update,fmt/1622,Dr2 3047 allow multiple sources in certain fields
Update,fmt/1623,Dr2 3047 allow multiple sources in certain fields
Update,fmt/1624,Dr2 3047 allow multiple sources in certain fields
Update,fmt/1625,Dr2 3047 allow multiple sources in certain fields
Update,fmt/1626,Dr2 3047 allow multiple sources in certain fields
Update,fmt/1627,Dr2 3047 allow multiple sources in certain fields
Update,fmt/1628,Dr2 3047 allow multiple sources in certain fields
Update,fmt/1629,Dr2 3047 allow multiple sources in certain fields
Update,fmt/1630,Dr2 3047 allow multiple sources in certain fields
Update,fmt/1631,Dr2 3047 allow multiple sources in certain fields
Update,fmt/1632,Dr2 3047 allow multiple sources in certain fields
Update,fmt/1633,Dr2 3047 allow multiple sources in certain fields
Update,fmt/1634,Dr2 3047 allow multiple sources in certain fields
Update,fmt/1635,Dr2 3047 allow multiple sources in certain fields
Update,fmt/1636,Dr2 3047 allow multiple sources in certain fields
Update,fmt/1637,Dr2 3047 allow multiple sources in certain fields
Update,fmt/1638,Dr2 3047 allow multiple sources in certain fields
Update,fmt/1639,Dr2 3047 allow multiple sources in certain fields
Update,fmt/1640,Dr2 3047 allow multiple sources in certain fields
Update,fmt/1641,Dr2 3047 allow multiple sources in certain fields
Update,fmt/1642,Dr2 3047 allow multiple sources in certain fields
Update,fmt/1643,Dr2 3047 allow multiple sources in certain fields
Update,fmt/1644,Dr2 3047 allow multiple sources in certain fields
Update,fmt/1645,Dr2 3047 allow multiple sources in certain fields
Update,fmt/1646,Dr2 3047 allow multiple sources in certain fields
Update,fmt/1647,Dr2 3047 allow multiple sources in certain fields
Update,fmt/1648,Dr2 3047 allow multiple sources in certain fields
Update,fmt/1649,Dr2 3047 allow multiple sources in certain fields
Update,fmt/1650,Dr2 3047 allow multiple sources in certain fields
Update,fmt/1651,Dr2 3047 allow multiple sources in certain fields
Update,fmt/1652,Dr2 3047 allow multiple sources in certain fields
Update,fmt/1653,Dr2 3047 allow multiple sources in certain fields
Update,fmt/1654,Dr2 3047 allow multiple sources in certain fields
Update,fmt/1655,Dr2 3047 allow multiple sources in certain fields
Update,fmt/1656,Dr2 3047 allow multiple sources in certain fields
Update,fmt/1657,Dr2 3047 allow multiple sources in certain fields
Update,fmt/1658,Dr2 3047 allow multiple sources in certain fields
Update,fmt/1659,Dr2 3047 allow multiple sources in certain fields
Update,fmt/1660,Dr2 3047 allow multiple sources in certain fields
Update,fmt/1661,Dr2 3047 allow multiple sources in certain fields
Update,fmt/1662,Dr2 3047 allow multiple sources in certain fields
Update,fmt/1663,Dr2 3047 allow multiple sources in certain fields
Update,fmt/1664,Dr2 3047 allow multiple sources in certain fields
Update,fmt/1665,Dr2 3047 allow multiple sources in certain fields
Update,fmt/1666,Dr2 3047 allow multiple sources in certain fields
Update,fmt/1667,Dr2 3047 allow multiple sources in certain fields
Update,fmt/1668,Dr2 3047 allow multiple sources in certain fields
Update,fmt/1669,Dr2 3047 allow multiple sources in certain fields
Update,fmt/1670,Dr2 3047 allow multiple sources in certain fields
Update,fmt/1671,Dr2 3047 allow multiple sources in certain fields
Update,fmt/1672,Dr2 3047 allow multiple sources in certain fields
Update,fmt/1673,Dr2 3047 allow multiple sources in certain fields
Update,fmt/1674,Dr2 3047 allow multiple sources in certain fields
Update,fmt/1675,Dr2 3047 allow multiple sources in certain fields
Update,fmt/1676,Dr2 3047 allow multiple sources in certain fields
Update,fmt/1677,Dr2 3047 allow multiple sources in certain fields
Update,fmt/1678,Dr2 3047 allow multiple sources in certain fields
Update,fmt/1679,Dr2 3047 allow multiple sources in certain fields
Update,fmt/1680,Dr2 3047 allow multiple sources in certain fields
Update,fmt/1681,Dr2 3047 allow multiple sources in certain fields
Update,fmt/1682,Dr2 3047 allow multiple sources in certain fields
Update,fmt/1683,Dr2 3047 allow multiple sources in certain fields
Update,fmt/1684,Dr2 3047 allow multiple sources in certain fields
Update,fmt/1685,Dr2 3047 allow multiple sources in certain fields
Update,fmt/1686,Dr2 3047 allow multiple sources in certain fields
Update,fmt/1687,Dr2 3047 allow multiple sources in certain fields
Update,fmt/1688,Dr2 3047 allow multiple sources in certain fields
Update,fmt/1689,Dr2 3047 allow multiple sources in certain fields
Update,fmt/1690,Dr2 3047 allow multiple sources in certain fields
Update,fmt/1691,Dr2 3047 allow multiple sources in certain fields
Update,fmt/1692,Dr2 3047 allow multiple sources in certain fields
Update,fmt/1693,Dr2 3047 allow multiple sources in certain fields
Update,fmt/1694,Dr2 3047 allow multiple sources in certain fields
Update,fmt/1695,Dr2 3047 allow multiple sources in certain fields
Update,fmt/1696,Dr2 3047 allow multiple sources in certain fields
Update,fmt/1697,Dr2 3047 allow multiple sources in certain fields
Update,fmt/1698,Dr2 3047 allow multiple sources in certain fields
Update,fmt/1699,Dr2 3047 allow multiple sources in certain fields
Update,fmt/1700,Dr2 3047 allow multiple sources in certain fields
Update,fmt/1701,Dr2 3047 allow multiple sources in certain fields
Update,fmt/1702,Dr2 3047 allow multiple sources in certain fields
Update,fmt/1703,Dr2 3047 allow multiple sources in certain fields
Update,fmt/1704,Dr2 3047 allow multiple sources in certain fields
Update,fmt/1705,Dr2 3047 allow multiple sources in certain fields
Update,fmt/1706,Dr2 3047 allow multiple sources in certain fields
Update,fmt/1707,Dr2 3047 allow multiple sources in certain fields
Update,fmt/1708,Dr2 3047 allow multiple sources in certain fields
Update,fmt/1709,Dr2 3047 allow multiple sources in certain fields
Update,fmt/1710,Dr2 3047 allow multiple sources in certain fields
Update,fmt/1711,Dr2 3047 allow multiple sources in certain fields
Update,fmt/1712,Dr2 3047 allow multiple sources in certain fields
Update,fmt/1713,Dr2 3047 allow multiple sources in certain fields
Update,fmt/1714,Dr2 3047 allow multiple sources in certain fields
Update,fmt/1715,Dr2 3047 allow multiple sources in certain fields
Update,fmt/1716,Dr2 3047 allow multiple sources in certain fields
Update,fmt/1717,Dr2 3047 allow multiple sources in certain fields
Update,fmt/1718,Dr2 3047 allow multiple sources in certain fields
Update,fmt/1719,Dr2 3047 allow multiple sources in certain fields
Update,fmt/1720,Dr2 3047 allow multiple sources in certain fields
Update,fmt/1721,Dr2 3047 allow multiple sources in certain fields
Update,fmt/1722,Dr2 3047 allow multiple sources in certain fields
Update,fmt/1723,Dr2 3047 allow multiple sources in certain fields
Update,fmt/1724,Dr2 3047 allow multiple sources in certain fields
Update,fmt/1725,Dr2 3047 allow multiple sources in certain fields
Update,fmt/1726,Dr2 3047 allow multiple sources in certain fields
Update,fmt/1727,Dr2 3047 allow multiple sources in certain fields
Update,fmt/1728,Dr2 3047 allow multiple sources in certain fields
Update,fmt/1729,Dr2 3047 allow multiple sources in certain fields
Update,fmt/1730,Dr2 3047 allow multiple sources in certain fields
Update,fmt/1731,Dr2 3047 allow multiple sources in certain fields
Update,fmt/1732,Dr2 3047 allow multiple sources in certain fields
Update,fmt/1733,Dr2 3047 allow multiple sources in certain fields
Update,fmt/1734,Dr2 3047 allow multiple sources in certain fields
Update,fmt/1735,Dr2 3047 allow multiple sources in certain fields
Update,fmt/1736,Dr2 3047 allow multiple sources in certain fields
Update,fmt/1737,Dr2 3047 allow multiple sources in certain fields
Update,fmt/1738,Dr2 3047 allow multiple sources in certain fields
Update,fmt/1739,Dr2 3047 allow multiple sources in certain fields
Update,fmt/1740,Dr2 3047 allow multiple sources in certain fields
Update,fmt/1741,Dr2 3047 allow multiple sources in certain fields
Update,fmt/1742,Dr2 3047 allow multiple sources in certain fields
Update,fmt/1743,Dr2 3047 allow multiple sources in certain fields
Update,fmt/1744,Dr2 3047 allow multiple sources in certain fields
Update,fmt/1745,Dr2 3047 allow multiple sources in certain fields
Update,fmt/1746,Dr2 3047 allow multiple sources in certain fields
Update,fmt/1747,Dr2 3047 allow multiple sources in certain fields
Update,fmt/1748,Dr2 3047 allow multiple sources in certain fields
Update,fmt/1749,Dr2 3047 allow multiple sources in certain fields
Update,fmt/1750,Dr2 3047 allow multiple sources in certain fields
Update,fmt/1751,Dr2 3047 allow multiple sources in certain fields
Update,fmt/1752,Dr2 3047 allow multiple sources in certain fields
Update,fmt/1753,Dr2 3047 allow multiple sources in certain fields
Update,fmt/1754,Dr2 3047 allow multiple sources in certain fields
Update,fmt/1755,Dr2 3047 allow multiple sources in certain fields
Update,fmt/1756,Dr2 3047 allow multiple sources in certain fields
Update,fmt/1757,Dr2 3047 allow multiple sources in certain fields
Update,fmt/1758,Dr2 3047 allow multiple sources in certain fields
Update,fmt/1759,Dr2 3047 allow multiple sources in certain fields
Update,fmt/1760,Dr2 3047 allow multiple sources in certain fields
Update,fmt/1761,Dr2 3047 allow multiple sources in certain fields
Update,fmt/1762,Dr2 3047 allow multiple sources in certain fields
Update,fmt/1763,Dr2 3047 allow multiple sources in certain fields
Update,fmt/1764,Dr2 3047 allow multiple sources in certain fields
Update,fmt/1765,Dr2 3047 allow multiple sources in certain fields
Update,fmt/1766,Dr2 3047 allow multiple sources in certain fields
Update,fmt/1767,Dr2 3047 allow multiple sources in certain fields
Update,fmt/1768,Dr2 3047 allow multiple sources in certain fields
Update,fmt/1769,Dr2 3047 allow multiple sources in certain fields
Update,fmt/1770,Dr2 3047 allow multiple sources in certain fields
Update,fmt/1771,Dr2 3047 allow multiple sources in certain fields
Update,fmt/1772,Dr2 3047 allow multiple sources in certain fields
Update,fmt/1773,Dr2 3047 allow multiple sources in certain fields
Update,fmt/1774,Dr2 3047 allow multiple sources in certain fields
Update,fmt/1775,Dr2 3047 allow multiple sources in certain fields
Update,fmt/1776,Dr2 3047 allow multiple sources in certain fields
Update,fmt/1777,Dr2 3047 allow multiple sources in certain fields
Update,fmt/1778,Dr2 3047 allow multiple sources in certain fields
Update,fmt/1779,Dr2 3047 allow multiple sources in certain fields
Update,fmt/1780,Dr2 3047 allow multiple sources in certain fields
Update,fmt/1781,Dr2 3047 allow multiple sources in certain fields
Update,fmt/1782,Dr2 3047 allow multiple sources in certain fields
Update,fmt/1783,Dr2 3047 allow multiple sources in certain fields
Update,fmt/1784,Dr2 3047 allow multiple sources in certain fields
Update,fmt/1785,Dr2 3047 allow multiple sources in certain fields
Update,fmt/1786,Dr2 3047 allow multiple sources in certain fields
Update,fmt/1787,Dr2 3047 allow multiple sources in certain fields
Update,fmt/1788,Dr2 3047 allow multiple sources in certain fields
Update,fmt/1789,Dr2 3047 allow multiple sources in certain fields
Update,fmt/1790,Dr2 3047 allow multiple sources in certain fields
Update,fmt/1791,Dr2 3047 allow multiple sources in certain fields
Update,fmt/1792,Dr2 3047 allow multiple sources in certain fields
Update,fmt/1793,Dr2 3047 allow multiple sources in certain fields
Update,fmt/1794,Dr2 3047 allow multiple sources in certain fields
Update,fmt/1795,Dr2 3047 allow multiple sources in certain fields
Update,fmt/1796,Dr2 3047 allow multiple sources in certain fields
Update,fmt/1797,Dr2 3047 allow multiple sources in certain fields
Update,fmt/1798,Dr2 3047 allow multiple sources in certain fields
Update,fmt/1799,Dr2 3047 allow multiple sources in certain fields
Update,fmt/1800,Dr2 3047 allow multiple sources in certain fields
Update,fmt/1801,Dr2 3047 allow multiple sources in certain fields
Update,fmt/1802,Dr2 3047 allow multiple sources in certain fields
Update,fmt/1803,Dr2 3047 allow multiple sources in certain fields
Update,fmt/1804,Dr2 3047 allow multiple sources in certain fields
Update,fmt/1805,Dr2 3047 allow multiple sources in certain fields
Update,fmt/1806,Dr2 3047 allow multiple sources in certain fields
Update,fmt/1807,Dr2 3047 allow multiple sources in certain fields
Update,fmt/1808,Dr2 3047 allow multiple sources in certain fields
Update,fmt/1809,Dr2 3047 allow multiple sources in certain fields
Update,fmt/1810,Dr2 3047 allow multiple sources in certain fields
Update,fmt/1811,Dr2 3047 allow multiple sources in certain fields
Update,fmt/1812,Dr2 3047 allow multiple sources in certain fields
Update,fmt/1813,Dr2 3047 allow multiple sources in certain fields
Update,fmt/1814,Dr2 3047 allow multiple sources in certain fields
Update,fmt/1815,Dr2 3047 allow multiple sources in certain fields
Update,fmt/1816,Dr2 3047 allow multiple sources in certain fields
Update,fmt/1817,Dr2 3047 allow multiple sources in certain fields
Update,fmt/1818,Dr2 3047 allow multiple sources in certain fields
Update,fmt/1819,Dr2 3047 allow multiple sources in certain fields
Update,fmt/1820,Dr2 3047 allow multiple sources in certain fields
Update,fmt/1821,Dr2 3047 allow multiple sources in certain fields
Update,fmt/1822,Dr2 3047 allow multiple sources in certain fields
Update,fmt/1823,Dr2 3047 allow multiple sources in certain fields
Update,fmt/1824,Dr2 3047 allow multiple sources in certain fields
Update,fmt/1825,Dr2 3047 allow multiple sources in certain fields
Update,fmt/1826,Dr2 3047 allow multiple sources in certain fields
Update,fmt/1827,Dr2 3047 allow multiple sources in certain fields
Update,fmt/1828,Dr2 3047 allow multiple sources in certain fields
Update,fmt/1829,Dr2 3047 allow multiple sources in certain fields
Update,fmt/1830,Dr2 3047 allow multiple sources in certain fields
Update,fmt/1831,Dr2 3047 allow multiple sources in certain fields
Update,fmt/1832,Dr2 3047 allow multiple sources in certain fields
Update,fmt/1833,Dr2 3047 allow multiple sources in certain fields
Update,fmt/1834,Dr2 3047 allow multiple sources in certain fields
Update,fmt/1835,Dr2 3047 allow multiple sources in certain fields
Update,fmt/1836,Dr2 3047 allow multiple sources in certain fields
Update,fmt/1837,Dr2 3047 allow multiple sources in certain fields
Update,fmt/1838,Dr2 3047 allow multiple sources in certain fields
Update,fmt/1839,Dr2 3047 allow multiple sources in certain fields
Update,fmt/1840,Dr2 3047 allow multiple sources in certain fields
Update,fmt/1841,Dr2 3047 allow multiple sources in certain fields
Update,fmt/1842,Dr2 3047 allow multiple sources in certain fields
Update,fmt/1843,Dr2 3047 allow multiple sources in certain fields
Update,fmt/1844,Dr2 3047 allow multiple sources in certain fields
Update,fmt/1845,Dr2 3047 allow multiple sources in certain fields
Update,fmt/1846,Dr2 3047 allow multiple sources in certain fields
Update,fmt/1847,Dr2 3047 allow multiple sources in certain fields
Update,fmt/1848,Dr2 3047 allow multiple sources in certain fields
Update,fmt/1849,Dr2 3047 allow multiple sources in certain fields
Update,fmt/1850,Dr2 3047 allow multiple sources in certain fields
Update,fmt/1851,Dr2 3047 allow multiple sources in certain fields
Update,fmt/1852,Dr2 3047 allow multiple sources in certain fields
Update,fmt/1853,Dr2 3047 allow multiple sources in certain fields
Update,fmt/1854,Dr2 3047 allow multiple sources in certain fields
Update,fmt/1855,Dr2 3047 allow multiple sources in certain fields
Update,fmt/1856,Dr2 3047 allow multiple sources in certain fields
Update,fmt/1857,Dr2 3047 allow multiple sources in certain fields
Update,fmt/1858,Dr2 3047 allow multiple sources in certain fields
Update,fmt/1859,Dr2 3047 allow multiple sources in certain fields
Update,fmt/1860,Dr2 3047 allow multiple sources in certain fields
Update,fmt/1861,Dr2 3047 allow multiple sources in certain fields
Update,fmt/1862,Dr2 3047 allow multiple sources in certain fields
Update,fmt/1863,Dr2 3047 allow multiple sources in certain fields
Update,fmt/1864,Dr2 3047 allow multiple sources in certain fields
Update,fmt/1865,Dr2 3047 allow multiple sources in certain fields
Update,fmt/1866,Dr2 3047 allow multiple sources in certain fields
Update,fmt/1867,Dr2 3047 allow multiple sources in certain fields
Update,fmt/1868,Dr2 3047 allow multiple sources in certain fields
Update,fmt/1869,Dr2 3047 allow multiple sources in certain fields
Update,fmt/1870,Dr2 3047 allow multiple sources in certain fields
Update,fmt/1871,Dr2 3047 allow multiple sources in certain fields
Update,fmt/1872,Dr2 3047 allow multiple sources in certain fields
Update,fmt/1873,Dr2 3047 allow multiple sources in certain fields
Update,fmt/1874,Dr2 3047 allow multiple sources in certain fields
Update,fmt/1875,Dr2 3047 allow multiple sources in certain fields
Update,fmt/1876,Dr2 3047 allow multiple sources in certain fields
Update,fmt/1877,Dr2 3047 allow multiple sources in certain fields
Update,fmt/1878,Dr2 3047 allow multiple sources in certain fields
Update,fmt/1879,Dr2 3047 allow multiple sources in certain fields
Update,fmt/1880,Dr2 3047 allow multiple sources in certain fields
Update,fmt/1881,Dr2 3047 allow multiple sources in certain fields
Update,fmt/1882,Dr2 3047 allow multiple sources in certain fields
Update,fmt/1883,Dr2 3047 allow multiple sources in certain fields
Update,fmt/1884,Dr2 3047 allow multiple sources in certain fields
Update,fmt/1885,Dr2 3047 allow multiple sources in certain fields
Update,fmt/1886,Dr2 3047 allow multiple sources in certain fields
Update,fmt/1887,Dr2 3047 allow multiple sources in certain fields
Update,fmt/1888,Dr2 3047 allow multiple sources in certain fields
Update,fmt/1889,Dr2 3047 allow multiple sources in certain fields
Update,fmt/1890,Dr2 3047 allow multiple sources in certain fields
Update,fmt/1891,Dr2 3047 allow multiple sources in certain fields
Update,fmt/1892,Dr2 3047 allow multiple sources in certain fields
Update,fmt/1893,Dr2 3047 allow multiple sources in certain fields
Update,fmt/1894,Dr2 3047 allow multiple sources in certain fields
Update,fmt/1895,Dr2 3047 allow multiple sources in certain fields
Update,fmt/1896,Dr2 3047 allow multiple sources in certain fields
Update,fmt/1897,Dr2 3047 allow multiple sources in certain fields
Update,fmt/1898,Dr2 3047 allow multiple sources in certain fields
Update,fmt/1899,Dr2 3047 allow multiple sources in certain fields
Update,fmt/1900,Dr2 3047 allow multiple sources in certain fields
Update,fmt/1901,Dr2 3047 allow multiple sources in certain fields
Update,fmt/1902,Dr2 3047 allow multiple sources in certain fields
Update,fmt/1903,Dr2 3047 allow multiple sources in certain fields
Update,fmt/1904,Dr2 3047 allow multiple sources in certain fields
Update,fmt/1905,Dr2 3047 allow multiple sources in certain fields
Update,fmt/1906,Dr2 3047 allow multiple sources in certain fields
Update,fmt/1907,Dr2 3047 allow multiple sources in certain fields
Update,fmt/1908,Dr2 3047 allow multiple sources in certain fields
Update,fmt/1909,Dr2 3047 allow multiple sources in certain fields
Update,fmt/1910,Dr2 3047 allow multiple sources in certain fields
Update,fmt/1911,Dr2 3047 allow multiple sources in certain fields
Update,fmt/1912,Dr2 3047 allow multiple sources in certain fields
Update,fmt/1913,Dr2 3047 allow multiple sources in certain fields
Update,fmt/1914,Dr2 3047 allow multiple sources in certain fields
Update,fmt/1915,Dr2 3047 allow multiple sources in certain fields
Update,fmt/1916,Dr2 3047 allow multiple sources in certain fields
Update,fmt/1917,Dr2 3047 allow multiple sources in certain fields
Update,fmt/1918,Dr2 3047 allow multiple sources in certain fields
Update,fmt/1919,Dr2 3047 allow multiple sources in certain fields
Update,fmt/1920,Dr2 3047 allow multiple sources in certain fields
Update,fmt/1921,Dr2 3047 allow multiple sources in certain fields
Update,fmt/1922,Dr2 3047 allow multiple sources in certain fields
Update,fmt/1923,Dr2 3047 allow multiple sources in certain fields
Update,fmt/1924,Dr2 3047 allow multiple sources in certain fields
Update,fmt/1925,Dr2 3047 allow multiple sources in certain fields
Update,fmt/1926,Dr2 3047 allow multiple sources in certain fields
Update,fmt/1927,Dr2 3047 allow multiple sources in certain fields
Update,fmt/1928,Dr2 3047 allow multiple sources in certain fields
Update,fmt/1929,Dr2 3047 allow multiple sources in certain fields
Update,fmt/1930,Dr2 3047 allow multiple sources in certain fields
Update,fmt/1931,Dr2 3047 allow multiple sources in certain fields
Update,fmt/1932,Dr2 3047 allow multiple sources in certain fields
Update,fmt/1933,Dr2 3047 allow multiple sources in certain fields
Update,fmt/1934,Dr2 3047 allow multiple sources in certain fields
Update,fmt/1935,Dr2 3047 allow multiple sources in certain fields
Update,fmt/1936,Dr2 3047 allow multiple sources in certain fields
Update,fmt/1937,Dr2 3047 allow multiple sources in certain fields
Update,fmt/1938,Dr2 3047 allow multiple sources in certain fields
Update,fmt/1939,Dr2 3047 allow multiple sources in certain fields
Update,fmt/1940,Dr2 3047 allow multiple sources in certain fields
Update,fmt/1941,Dr2 3047 allow multiple sources in certain fields
Update,fmt/1942,Dr2 3047 allow multiple sources in certain fields
Update,fmt/1943,Dr2 3047 allow multiple sources in certain fields
Update,fmt/1944,Dr2 3047 allow multiple sources in certain fields
Update,fmt/1945,Dr2 3047 allow multiple sources in certain fields
Update,fmt/1946,Dr2 3047 allow multiple sources in certain fields
Update,fmt/1947,Dr2 3047 allow multiple sources in certain fields
Update,fmt/1948,Dr2 3047 allow multiple sources in certain fields
Update,fmt/1949,Dr2 3047 allow multiple sources in certain fields
Update,fmt/1950,Dr2 3047 allow multiple sources in certain fields
Update,fmt/1951,Dr2 3047 allow multiple sources in certain fields
Update,fmt/1952,Dr2 3047 allow multiple sources in certain fields
Update,fmt/1953,Dr2 3047 allow multiple sources in certain fields
Update,fmt/1954,Dr2 3047 allow multiple sources in certain fields
Update,fmt/1955,Dr2 3047 allow multiple sources in certain fields
Update,fmt/1956,Dr2 3047 allow multiple sources in certain fields
Update,fmt/1957,Dr2 3047 allow multiple sources in certain fields
Update,fmt/1958,Dr2 3047 allow multiple sources in certain fields
Update,fmt/1959,Dr2 3047 allow multiple sources in certain fields
Update,fmt/1960,Dr2 3047 allow multiple sources in certain fields
Update,fmt/1961,Dr2 3047 allow multiple sources in certain fields
Update,fmt/1962,Dr2 3047 allow multiple sources in certain fields
Update,fmt/1963,Dr2 3047 allow multiple sources in certain fields
Update,fmt/1964,Dr2 3047 allow multiple sources in certain fields
Update,fmt/1965,Dr2 3047 allow multiple sources in certain fields
Update,fmt/1966,Dr2 3047 allow multiple sources in certain fields
Update,fmt/1967,Dr2 3047 allow multiple sources in certain fields
Update,fmt/1968,Dr2 3047 allow multiple sources in certain fields
Update,fmt/1969,Dr2 3047 allow multiple sources in certain fields
Update,fmt/1970,Dr2 3047 allow multiple sources in certain fields
Update,fmt/1971,Dr2 3047 allow multiple sources in certain fields
Update,fmt/1972,Dr2 3047 allow multiple sources in certain fields
Update,fmt/1973,Dr2 3047 allow multiple sources in certain fields
Update,fmt/1974,Dr2 3047 allow multiple sources in certain fields
Update,fmt/1975,Dr2 3047 allow multiple sources in certain fields
Update,fmt/1976,Dr2 3047 allow multiple sources in certain fields
Update,fmt/1977,Dr2 3047 allow multiple sources in certain fields
Update,fmt/1978,Dr2 3047 allow multiple sources in certain fields
Update,fmt/1979,Dr2 3047 allow multiple sources in certain fields
Update,fmt/1980,Dr2 3047 allow multiple sources in certain fields
Update,fmt/1981,Dr2 3047 allow multiple sources in certain fields
Update,fmt/1982,Dr2 3047 allow multiple sources in certain fields
Update,fmt/1983,Dr2 3047 allow multiple sources in certain fields
Update,fmt/1984,Dr2 3047 allow multiple sources in certain fields
Update,fmt/1985,Dr2 3047 allow multiple sources in certain fields
Update,fmt/1986,Dr2 3047 allow multiple sources in certain fields
Update,fmt/1987,Dr2 3047 allow multiple sources in certain fields
Update,fmt/1988,Dr2 3047 allow multiple sources in certain fields
Update,fmt/1989,Dr2 3047 allow multiple sources in certain fields
Update,fmt/1990,Dr2 3047 allow multiple sources in certain fields
Update,fmt/1991,Dr2 3047 allow multiple sources in certain fields
Update,fmt/1992,Dr2 3047 allow multiple sources in certain fields
Update,fmt/1993,Dr2 3047 allow multiple sources in certain fields
Update,fmt/1994,Dr2 3047 allow multiple sources in certain fields
Update,fmt/1995,Dr2 3047 allow multiple sources in certain fields
Update,fmt/1996,Dr2 3047 allow multiple sources in certain fields
Update,fmt/1997,Dr2 3047 allow multiple sources in certain fields
Update,fmt/1998,Dr2 3047 allow multiple sources in certain fields
Update,fmt/1999,Dr2 3047 allow multiple sources in certain fields
Update,fmt/2000,Dr2 3047 allow multiple sources in certain fields
Update,fmt/2001,Dr2 3047 allow multiple sources in certain fields
Update,fmt/2002,Dr2 3047 allow multiple sources in certain fields
Update,fmt/2003,Dr2 3047 allow multiple sources in certain fields
Update,fmt/2004,Dr2 3047 allow multiple sources in certain fields
Update,fmt/2005,Dr2 3047 allow multiple sources in certain fields
Update,fmt/2006,Dr2 3047 allow multiple sources in certain fields
Update,fmt/2007,Dr2 3047 allow multiple sources in certain fields
Update,fmt/2008,Dr2 3047 allow multiple sources in certain fields
Update,fmt/2009,Dr2 3047 allow multiple sources in certain fields
Update,fmt/2010,Dr2 3047 allow multiple sources in certain fields
Update,fmt/2011,Dr2 3047 allow multiple sources in certain fields
Update,fmt/2012,Dr2 3047 allow multiple sources in certain fields
Update,fmt/2013,Dr2 3047 allow multiple sources in certain fields
Update,fmt/2014,Dr2 3047 allow multiple sources in certain fields
Update,fmt/2015,Dr2 3047 allow multiple sources in certain fields
Update,fmt/2016,Dr2 3047 allow multiple sources in certain fields
Update,fmt/2017,Dr2 3047 allow multiple sources in certain fields
Update,fmt/2018,Dr2 3047 allow multiple sources in certain fields
Update,fmt/2019,Dr2 3047 allow multiple sources in certain fields
Update,fmt/2020,Dr2 3047 allow multiple sources in certain fields
Update,fmt/2021,Dr2 3047 allow multiple sources in certain fields
Update,fmt/2022,Dr2 3047 allow multiple sources in certain fields
Update,fmt/2023,Dr2 3047 allow multiple sources in certain fields
Update,fmt/2024,Dr2 3047 allow multiple sources in certain fields
Update,fmt/2025,Dr2 3047 allow multiple sources in certain fields
Update,fmt/2026,Dr2 3047 allow multiple sources in certain fields
Update,fmt/2027,Dr2 3047 allow multiple sources in certain fields
Update,fmt/2028,Dr2 3047 allow multiple sources in certain fields
Update,fmt/2029,Dr2 3047 allow multiple sources in certain fields
Update,fmt/2030,Dr2 3047 allow multiple sources in certain fields
Update,fmt/2031,Dr2 3047 allow multiple sources in certain fields
Update,fmt/2032,Dr2 3047 allow multiple sources in certain fields
Update,fmt/2033,Dr2 3047 allow multiple sources in certain fields
Update,fmt/2034,Dr2 3047 allow multiple sources in certain fields
Update,fmt/2035,Dr2 3047 allow multiple sources in certain fields
Update,fmt/2036,Dr2 3047 allow multiple sources in certain fields
Update,fmt/2037,Dr2 3047 allow multiple sources in certain fields
Update,fmt/2038,Dr2 3047 allow multiple sources in certain fields
Update,fmt/2039,Dr2 3047 allow multiple sources in certain fields
Update,fmt/2040,Dr2 3047 allow multiple sources in certain fields
Update,fmt/2041,Dr2 3047 allow multiple sources in certain fields
Update,fmt/2042,Dr2 3047 allow multiple sources in certain fields
Update,fmt/2043,Dr2 3047 allow multiple sources in certain fields
Update,fmt/2044,Dr2 3047 allow multiple sources in certain fields
Update,fmt/2045,Dr2 3047 allow multiple sources in certain fields
Update,fmt/2046,Dr2 3047 allow multiple sources in certain fields
Update,fmt/2047,Dr2 3047 allow multiple sources in certain fields
Update,fmt/2048,Dr2 3047 allow multiple sources in certain fields
Update,fmt/2049,Dr2 3047 allow multiple sources in certain fields
Update,fmt/2050,Dr2 3047 allow multiple sources in certain fields
Update,fmt/2051,Dr2 3047 allow multiple sources in certain fields
Update,fmt/2052,Dr2 3047 allow multiple sources in certain fields
Update,fmt/2053,Dr2 3047 allow multiple sources in certain fields
Update,fmt/2054,Dr2 3047 allow multiple sources in certain fields
Update,fmt/2055,Dr2 3047 allow multiple sources in certain fields
Update,fmt/2056,Dr2 3047 allow multiple sources in certain fields
Update,fmt/2057,Dr2 3047 allow multiple sources in certain fields
Update,fmt/2058,Dr2 3047 allow multiple sources in certain fields
Update,fmt/2059,Dr2 3047 allow multiple sources in certain fields
Update,fmt/2060,Dr2 3047 allow multiple sources in certain fields
Update,fmt/2061,Dr2 3047 allow multiple sources in certain fields
Update,fmt/2062,Dr2 3047 allow multiple sources in certain fields
Update,fmt/2063,Dr2 3047 allow multiple sources in certain fields
Update,fmt/2064,Dr2 3047 allow multiple sources in certain fields
Update,fmt/2065,Dr2 3047 allow multiple sources in certain fields
Update,fmt/2066,Dr2 3047 allow multiple sources in certain fields
Update,fmt/2067,Dr2 3047 allow multiple sources in certain fields
Update,fmt/2068,Dr2 3047 allow multiple sources in certain fields
Update,fmt/2069,Dr2 3047 allow multiple sources in certain fields
Update,fmt/2070,Dr2 3047 allow multiple sources in certain fields
Update,fmt/2071,Dr2 3047 allow multiple sources in certain fields
Update,fmt/2072,Dr2 3047 allow multiple sources in certain fields
Update,fmt/2073,Dr2 3047 allow multiple sources in certain fields
Update,fmt/2074,Dr2 3047 allow multiple sources in certain fields
Update,fmt/2075,Dr2 3047 allow multiple sources in certain fields
Update,fmt/2076,Dr2 3047 allow multiple sources in certain fields
Update,fmt/2077,Dr2 3047 allow multiple sources in certain fields
Update,fmt/2078,Dr2 3047 allow multiple sources in certain fields
Update,fmt/2079,Dr2 3047 allow multiple sources in certain fields
Update,fmt/2080,Dr2 3047 allow multiple sources in certain fields
Update,fmt/2081,Dr2 3047 allow multiple sources in certain fields
Update,fmt/2082,Dr2 3047 allow multiple sources in certain fields
Update,fmt/2083,Dr2 3047 allow multiple sources in certain fields
Update,fmt/2084,Dr2 3047 allow multiple sources in certain fields
Update,fmt/2085,Dr2 3047 allow multiple sources in certain fields
Update,fmt/2086,Dr2 3047 allow multiple sources in certain fields
Update,fmt/2087,Dr2 3047 allow multiple sources in certain fields
Update,fmt/2088,Dr2 3047 allow multiple sources in certain fields
Update,fmt/2089,Dr2 3047 allow multiple sources in certain fields
Update,fmt/2090,Dr2 3047 allow multiple sources in certain fields
Update,fmt/2091,Dr2 3047 allow multiple sources in certain fields
Update,fmt/2092,Dr2 3047 allow multiple sources in certain fields
Update,fmt/2093,Dr2 3047 allow multiple sources in certain fields
Update,fmt/2094,Dr2 3047 allow multiple sources in certain fields
Update,fmt/2095,Dr2 3047 allow multiple sources in certain fields
Update,fmt/2096,Dr2 3047 allow multiple sources in certain fields
Update,fmt/2097,Dr2 3047 allow multiple sources in certain fields
Update,fmt/2098,Dr2 3047 allow multiple sources in certain fields
Update,fmt/2099,Dr2 3047 allow multiple sources in certain fields
Update,fmt/2100,Dr2 3047 allow multiple sources in certain fields
Update,fmt/2101,Dr2 3047 allow multiple sources in certain fields
Update,fmt/2102,Dr2 3047 allow multiple sources in certain fields
Update,fmt/2103,Dr2 3047 allow multiple sources in certain fields
Update,fmt/2104,Dr2 3047 allow multiple sources in certain fields
Update,fmt/2105,Dr2 3047 allow multiple sources in certain fields
Update,fmt/2106,Dr2 3047 allow multiple sources in certain fields
Update,fmt/2107,Dr2 3047 allow multiple sources in certain fields
Update,fmt/2108,Dr2 3047 allow multiple sources in certain fields
Update,fmt/2109,Dr2 3047 allow multiple sources in certain fields
Update,fmt/2110,Dr2 3047 allow multiple sources in certain fields
Update,fmt/2111,Dr2 3047 allow multiple sources in certain fields
Update,fmt/2112,Dr2 3047 allow multiple sources in certain fields
Update,fmt/2113,Dr2 3047 allow multiple sources in certain fields
Update,fmt/2114,Dr2 3047 allow multiple sources in certain fields
Update,fmt/2115,Dr2 3047 allow multiple sources in certain fields
Update,fmt/2116,Dr2 3047 allow multiple sources in certain fields
Update,fmt/2117,Dr2 3047 allow multiple sources in certain fields
Update,fmt/2118,Dr2 3047 allow multiple sources in certain fields
Update,fmt/1,DR2 3100 final tweaks
Update,x-fmt/1,DR2 3100 final tweaks
Update,fmt/2,DR2 3100 final tweaks
Update,x-fmt/2,DR2 3100 final tweaks
Update,fmt/3,DR2 3100 final tweaks
Update,x-fmt/3,DR2 3100 final tweaks
Update,fmt/4,DR2 3100 final tweaks
Update,x-fmt/4,DR2 3100 final tweaks
Update,fmt/5,DR2 3100 final tweaks
Update,x-fmt/5,DR2 3100 final tweaks
Update,fmt/6,DR2 3100 final tweaks
Update,x-fmt/6,DR2 3100 final tweaks
Update,fmt/7,DR2 3100 final tweaks
Update,x-fmt/7,DR2 3100 final tweaks
Update,fmt/8,DR2 3100 final tweaks
Update,x-fmt/8,DR2 3100 final tweaks
Update,fmt/9,DR2 3100 final tweaks
Update,x-fmt/9,DR2 3100 final tweaks
Update,fmt/10,DR2 3100 final tweaks
Update,x-fmt/10,DR2 3100 final tweaks
Update,fmt/11,DR2 3100 final tweaks
Update,x-fmt/11,DR2 3100 final tweaks
Update,fmt/12,DR2 3100 final tweaks
Update,x-fmt/12,DR2 3100 final tweaks
Update,fmt/13,DR2 3100 final tweaks
Update,x-fmt/13,DR2 3100 final tweaks
Update,fmt/14,DR2 3100 final tweaks
Update,x-fmt/14,DR2 3100 final tweaks
Update,fmt/15,DR2 3100 final tweaks
Update,x-fmt/15,DR2 3100 final tweaks
Update,fmt/16,DR2 3100 final tweaks
Update,x-fmt/16,DR2 3100 final tweaks
Update,fmt/17,DR2 3100 final tweaks
Update,x-fmt/17,DR2 3100 final tweaks
Update,fmt/18,DR2 3100 final tweaks
Update,x-fmt/18,DR2 3100 final tweaks
Update,fmt/19,DR2 3100 final tweaks
Update,x-fmt/19,DR2 3100 final tweaks
Update,fmt/20,DR2 3100 final tweaks
Update,x-fmt/20,DR2 3100 final tweaks
Update,fmt/21,DR2 3100 final tweaks
Update,x-fmt/21,DR2 3100 final tweaks
Update,fmt/22,DR2 3100 final tweaks
Update,x-fmt/22,DR2 3100 final tweaks
Update,fmt/23,DR2 3100 final tweaks
Update,x-fmt/23,DR2 3100 final tweaks
Update,fmt/24,DR2 3100 final tweaks
Update,x-fmt/24,DR2 3100 final tweaks
Update,fmt/25,DR2 3100 final tweaks
Update,x-fmt/25,DR2 3100 final tweaks
Update,fmt/26,DR2 3100 final tweaks
Update,x-fmt/26,DR2 3100 final tweaks
Update,fmt/27,DR2 3100 final tweaks
Update,x-fmt/27,DR2 3100 final tweaks
Update,fmt/28,DR2 3100 final tweaks
Update,x-fmt/28,DR2 3100 final tweaks
Update,fmt/29,DR2 3100 final tweaks
Update,x-fmt/29,DR2 3100 final tweaks
Update,fmt/30,DR2 3100 final tweaks
Update,x-fmt/30,DR2 3100 final tweaks
Update,fmt/31,DR2 3100 final tweaks
Update,x-fmt/31,DR2 3100 final tweaks
Update,fmt/32,DR2 3100 final tweaks
Update,x-fmt/32,DR2 3100 final tweaks
Update,fmt/33,DR2 3100 final tweaks
Update,x-fmt/33,DR2 3100 final tweaks
Update,fmt/34,DR2 3100 final tweaks
Update,x-fmt/34,DR2 3100 final tweaks
Update,fmt/35,DR2 3100 final tweaks
Update,x-fmt/35,DR2 3100 final tweaks
Update,fmt/36,DR2 3100 final tweaks
Update,x-fmt/36,DR2 3100 final tweaks
Update,fmt/37,DR2 3100 final tweaks
Update,x-fmt/37,DR2 3100 final tweaks
Update,fmt/38,DR2 3100 final tweaks
Update,x-fmt/38,DR2 3100 final tweaks
Update,fmt/39,DR2 3100 final tweaks
Update,x-fmt/39,DR2 3100 final tweaks
Update,fmt/40,DR2 3100 final tweaks
Update,x-fmt/40,DR2 3100 final tweaks
Update,fmt/41,DR2 3100 final tweaks
Update,x-fmt/41,DR2 3100 final tweaks
Update,fmt/42,DR2 3100 final tweaks
Update,x-fmt/42,DR2 3100 final tweaks
Update,fmt/43,DR2 3100 final tweaks
Update,x-fmt/43,DR2 3100 final tweaks
Update,fmt/44,DR2 3100 final tweaks
Update,x-fmt/44,DR2 3100 final tweaks
Update,fmt/45,DR2 3100 final tweaks
Update,x-fmt/45,DR2 3100 final tweaks
Update,fmt/46,DR2 3100 final tweaks
Update,x-fmt/46,DR2 3100 final tweaks
Update,fmt/47,DR2 3100 final tweaks
Update,x-fmt/47,DR2 3100 final tweaks
Update,fmt/48,DR2 3100 final tweaks
Update,x-fmt/48,DR2 3100 final tweaks
Update,fmt/49,DR2 3100 final tweaks
Update,x-fmt/49,DR2 3100 final tweaks
Update,fmt/50,DR2 3100 final tweaks
Update,x-fmt/50,DR2 3100 final tweaks
Update,fmt/51,DR2 3100 final tweaks
Update,x-fmt/51,DR2 3100 final tweaks
Update,fmt/52,DR2 3100 final tweaks
Update,x-fmt/52,DR2 3100 final tweaks
Update,fmt/53,DR2 3100 final tweaks
Update,x-fmt/53,DR2 3100 final tweaks
Update,fmt/54,DR2 3100 final tweaks
Update,x-fmt/54,DR2 3100 final tweaks
Update,fmt/55,DR2 3100 final tweaks
Update,x-fmt/55,DR2 3100 final tweaks
Update,fmt/56,DR2 3100 final tweaks
Update,x-fmt/56,DR2 3100 final tweaks
Update,fmt/57,DR2 3100 final tweaks
Update,x-fmt/57,DR2 3100 final tweaks
Update,fmt/58,DR2 3100 final tweaks
Update,x-fmt/58,DR2 3100 final tweaks
Update,fmt/59,DR2 3100 final tweaks
Update,x-fmt/59,DR2 3100 final tweaks
Update,fmt/60,DR2 3100 final tweaks
Update,x-fmt/60,DR2 3100 final tweaks
Update,fmt/61,DR2 3100 final tweaks
Update,x-fmt/61,DR2 3100 final tweaks
Update,fmt/62,DR2 3100 final tweaks
Update,x-fmt/62,DR2 3100 final tweaks
Update,fmt/63,DR2 3100 final tweaks
Update,x-fmt/63,DR2 3100 final tweaks
Update,fmt/64,DR2 3100 final tweaks
Update,x-fmt/64,DR2 3100 final tweaks
Update,fmt/65,DR2 3100 final tweaks
Update,x-fmt/65,DR2 3100 final tweaks
Update,fmt/66,DR2 3100 final tweaks
Update,x-fmt/66,DR2 3100 final tweaks
Update,fmt/67,DR2 3100 final tweaks
Update,x-fmt/67,DR2 3100 final tweaks
Update,fmt/68,DR2 3100 final tweaks
Update,x-fmt/68,DR2 3100 final tweaks
Update,fmt/69,DR2 3100 final tweaks
Update,x-fmt/69,DR2 3100 final tweaks
Update,fmt/70,DR2 3100 final tweaks
Update,x-fmt/70,DR2 3100 final tweaks
Update,fmt/71,DR2 3100 final tweaks
Update,x-fmt/71,DR2 3100 final tweaks
Update,fmt/72,DR2 3100 final tweaks
Update,x-fmt/72,DR2 3100 final tweaks
Update,fmt/73,DR2 3100 final tweaks
Update,x-fmt/73,DR2 3100 final tweaks
Update,fmt/74,DR2 3100 final tweaks
Update,x-fmt/74,DR2 3100 final tweaks
Update,fmt/75,DR2 3100 final tweaks
Update,x-fmt/75,DR2 3100 final tweaks
Update,fmt/76,DR2 3100 final tweaks
Update,x-fmt/76,DR2 3100 final tweaks
Update,fmt/77,DR2 3100 final tweaks
Update,x-fmt/77,DR2 3100 final tweaks
Update,fmt/78,DR2 3100 final tweaks
Update,x-fmt/78,DR2 3100 final tweaks
Update,fmt/79,DR2 3100 final tweaks
Update,x-fmt/79,DR2 3100 final tweaks
Update,fmt/80,DR2 3100 final tweaks
Update,x-fmt/80,DR2 3100 final tweaks
Update,fmt/81,DR2 3100 final tweaks
Update,x-fmt/81,DR2 3100 final tweaks
Update,fmt/82,DR2 3100 final tweaks
Update,x-fmt/82,DR2 3100 final tweaks
Update,fmt/83,DR2 3100 final tweaks
Update,x-fmt/83,DR2 3100 final tweaks
Update,fmt/84,DR2 3100 final tweaks
Update,x-fmt/84,DR2 3100 final tweaks
Update,fmt/85,DR2 3100 final tweaks
Update,x-fmt/85,DR2 3100 final tweaks
Update,fmt/86,DR2 3100 final tweaks
Update,x-fmt/86,DR2 3100 final tweaks
Update,fmt/87,DR2 3100 final tweaks
Update,x-fmt/87,DR2 3100 final tweaks
Update,fmt/88,DR2 3100 final tweaks
Update,x-fmt/88,DR2 3100 final tweaks
Update,fmt/89,DR2 3100 final tweaks
Update,x-fmt/89,DR2 3100 final tweaks
Update,fmt/90,DR2 3100 final tweaks
Update,x-fmt/90,DR2 3100 final tweaks
Update,fmt/91,DR2 3100 final tweaks
Update,x-fmt/91,DR2 3100 final tweaks
Update,fmt/92,DR2 3100 final tweaks
Update,x-fmt/92,DR2 3100 final tweaks
Update,fmt/93,DR2 3100 final tweaks
Update,x-fmt/93,DR2 3100 final tweaks
Update,fmt/94,DR2 3100 final tweaks
Update,x-fmt/94,DR2 3100 final tweaks
Update,fmt/95,DR2 3100 final tweaks
Update,x-fmt/95,DR2 3100 final tweaks
Update,fmt/96,DR2 3100 final tweaks
Update,x-fmt/96,DR2 3100 final tweaks
Update,fmt/97,DR2 3100 final tweaks
Update,x-fmt/97,DR2 3100 final tweaks
Update,fmt/98,DR2 3100 final tweaks
Update,x-fmt/98,DR2 3100 final tweaks
Update,fmt/99,DR2 3100 final tweaks
Update,x-fmt/99,DR2 3100 final tweaks
Update,fmt/100,DR2 3100 final tweaks
Update,x-fmt/100,DR2 3100 final tweaks
Update,fmt/101,DR2 3100 final tweaks
Update,x-fmt/101,DR2 3100 final tweaks
Update,fmt/102,DR2 3100 final tweaks
Update,x-fmt/102,DR2 3100 final tweaks
Update,fmt/103,DR2 3100 final tweaks
Update,x-fmt/103,DR2 3100 final tweaks
Update,fmt/104,DR2 3100 final tweaks
Update,x-fmt/104,DR2 3100 final tweaks
Update,fmt/105,DR2 3100 final tweaks
Update,x-fmt/105,DR2 3100 final tweaks
Update,fmt/106,DR2 3100 final tweaks
Update,x-fmt/106,DR2 3100 final tweaks
Update,fmt/107,DR2 3100 final tweaks
Update,x-fmt/107,DR2 3100 final tweaks
Update,fmt/108,DR2 3100 final tweaks
Update,x-fmt/108,DR2 3100 final tweaks
Update,fmt/109,DR2 3100 final tweaks
Update,x-fmt/109,DR2 3100 final tweaks
Update,fmt/110,DR2 3100 final tweaks
Update,x-fmt/110,DR2 3100 final tweaks
Update,fmt/111,DR2 3100 final tweaks
Update,x-fmt/111,DR2 3100 final tweaks
Update,fmt/112,DR2 3100 final tweaks
Update,x-fmt/112,DR2 3100 final tweaks
Update,fmt/113,DR2 3100 final tweaks
Update,x-fmt/113,DR2 3100 final tweaks
Update,fmt/114,DR2 3100 final tweaks
Update,x-fmt/114,DR2 3100 final tweaks
Update,fmt/115,DR2 3100 final tweaks
Update,x-fmt/115,DR2 3100 final tweaks
Update,fmt/116,DR2 3100 final tweaks
Update,x-fmt/116,DR2 3100 final tweaks
Update,fmt/117,DR2 3100 final tweaks
Update,x-fmt/117,DR2 3100 final tweaks
Update,fmt/118,DR2 3100 final tweaks
Update,x-fmt/118,DR2 3100 final tweaks
Update,fmt/119,DR2 3100 final tweaks
Update,x-fmt/119,DR2 3100 final tweaks
Update,fmt/120,DR2 3100 final tweaks
Update,x-fmt/120,DR2 3100 final tweaks
Update,fmt/121,DR2 3100 final tweaks
Update,x-fmt/121,DR2 3100 final tweaks
Update,fmt/122,DR2 3100 final tweaks
Update,x-fmt/122,DR2 3100 final tweaks
Update,fmt/123,DR2 3100 final tweaks
Update,x-fmt/123,DR2 3100 final tweaks
Update,fmt/124,DR2 3100 final tweaks
Update,x-fmt/124,DR2 3100 final tweaks
Update,fmt/125,DR2 3100 final tweaks
Update,x-fmt/125,DR2 3100 final tweaks
Update,fmt/126,DR2 3100 final tweaks
Update,x-fmt/126,DR2 3100 final tweaks
Update,fmt/127,DR2 3100 final tweaks
Update,x-fmt/127,DR2 3100 final tweaks
Update,fmt/128,DR2 3100 final tweaks
Update,x-fmt/128,DR2 3100 final tweaks
Update,fmt/129,DR2 3100 final tweaks
Update,x-fmt/129,DR2 3100 final tweaks
Update,fmt/130,DR2 3100 final tweaks
Update,x-fmt/130,DR2 3100 final tweaks
Update,fmt/131,DR2 3100 final tweaks
Update,x-fmt/131,DR2 3100 final tweaks
Update,fmt/132,DR2 3100 final tweaks
Update,x-fmt/132,DR2 3100 final tweaks
Update,fmt/133,DR2 3100 final tweaks
Update,x-fmt/133,DR2 3100 final tweaks
Update,fmt/134,DR2 3100 final tweaks
Update,x-fmt/134,DR2 3100 final tweaks
Update,fmt/135,DR2 3100 final tweaks
Update,x-fmt/135,DR2 3100 final tweaks
Update,fmt/136,DR2 3100 final tweaks
Update,x-fmt/136,DR2 3100 final tweaks
Update,fmt/137,DR2 3100 final tweaks
Update,x-fmt/137,DR2 3100 final tweaks
Update,fmt/138,DR2 3100 final tweaks
Update,x-fmt/138,DR2 3100 final tweaks
Update,fmt/139,DR2 3100 final tweaks
Update,x-fmt/139,DR2 3100 final tweaks
Update,fmt/140,DR2 3100 final tweaks
Update,x-fmt/140,DR2 3100 final tweaks
Update,fmt/141,DR2 3100 final tweaks
Update,x-fmt/141,DR2 3100 final tweaks
Update,fmt/142,DR2 3100 final tweaks
Update,x-fmt/142,DR2 3100 final tweaks
Update,fmt/143,DR2 3100 final tweaks
Update,x-fmt/143,DR2 3100 final tweaks
Update,fmt/144,DR2 3100 final tweaks
Update,x-fmt/144,DR2 3100 final tweaks
Update,fmt/145,DR2 3100 final tweaks
Update,x-fmt/145,DR2 3100 final tweaks
Update,fmt/146,DR2 3100 final tweaks
Update,x-fmt/146,DR2 3100 final tweaks
Update,fmt/147,DR2 3100 final tweaks
Update,x-fmt/147,DR2 3100 final tweaks
Update,fmt/148,DR2 3100 final tweaks
Update,x-fmt/148,DR2 3100 final tweaks
Update,fmt/149,DR2 3100 final tweaks
Update,x-fmt/149,DR2 3100 final tweaks
Update,fmt/150,DR2 3100 final tweaks
Update,x-fmt/150,DR2 3100 final tweaks
Update,fmt/151,DR2 3100 final tweaks
Update,x-fmt/151,DR2 3100 final tweaks
Update,fmt/152,DR2 3100 final tweaks
Update,x-fmt/152,DR2 3100 final tweaks
Update,fmt/153,DR2 3100 final tweaks
Update,x-fmt/153,DR2 3100 final tweaks
Update,fmt/154,DR2 3100 final tweaks
Update,x-fmt/154,DR2 3100 final tweaks
Update,fmt/155,DR2 3100 final tweaks
Update,x-fmt/155,DR2 3100 final tweaks
Update,fmt/156,DR2 3100 final tweaks
Update,x-fmt/156,DR2 3100 final tweaks
Update,fmt/157,DR2 3100 final tweaks
Update,x-fmt/157,DR2 3100 final tweaks
Update,fmt/158,DR2 3100 final tweaks
Update,x-fmt/158,DR2 3100 final tweaks
Update,fmt/159,DR2 3100 final tweaks
Update,x-fmt/159,DR2 3100 final tweaks
Update,fmt/160,DR2 3100 final tweaks
Update,x-fmt/160,DR2 3100 final tweaks
Update,fmt/161,DR2 3100 final tweaks
Update,x-fmt/161,DR2 3100 final tweaks
Update,fmt/162,DR2 3100 final tweaks
Update,x-fmt/162,DR2 3100 final tweaks
Update,fmt/163,DR2 3100 final tweaks
Update,x-fmt/163,DR2 3100 final tweaks
Update,fmt/164,DR2 3100 final tweaks
Update,x-fmt/164,DR2 3100 final tweaks
Update,fmt/165,DR2 3100 final tweaks
Update,x-fmt/165,DR2 3100 final tweaks
Update,fmt/166,DR2 3100 final tweaks
Update,x-fmt/166,DR2 3100 final tweaks
Update,fmt/167,DR2 3100 final tweaks
Update,x-fmt/167,DR2 3100 final tweaks
Update,fmt/168,DR2 3100 final tweaks
Update,x-fmt/168,DR2 3100 final tweaks
Update,fmt/169,DR2 3100 final tweaks
Update,x-fmt/169,DR2 3100 final tweaks
Update,fmt/170,DR2 3100 final tweaks
Update,x-fmt/170,DR2 3100 final tweaks
Update,fmt/171,DR2 3100 final tweaks
Update,x-fmt/171,DR2 3100 final tweaks
Update,fmt/172,DR2 3100 final tweaks
Update,x-fmt/172,DR2 3100 final tweaks
Update,fmt/173,DR2 3100 final tweaks
Update,x-fmt/173,DR2 3100 final tweaks
Update,fmt/174,DR2 3100 final tweaks
Update,x-fmt/174,DR2 3100 final tweaks
Update,fmt/175,DR2 3100 final tweaks
Update,x-fmt/175,DR2 3100 final tweaks
Update,fmt/176,DR2 3100 final tweaks
Update,x-fmt/176,DR2 3100 final tweaks
Update,fmt/177,DR2 3100 final tweaks
Update,x-fmt/177,DR2 3100 final tweaks
Update,fmt/178,DR2 3100 final tweaks
Update,x-fmt/178,DR2 3100 final tweaks
Update,fmt/179,DR2 3100 final tweaks
Update,x-fmt/179,DR2 3100 final tweaks
Update,fmt/180,DR2 3100 final tweaks
Update,x-fmt/180,DR2 3100 final tweaks
Update,fmt/181,DR2 3100 final tweaks
Update,x-fmt/181,DR2 3100 final tweaks
Update,fmt/182,DR2 3100 final tweaks
Update,x-fmt/182,DR2 3100 final tweaks
Update,fmt/183,DR2 3100 final tweaks
Update,x-fmt/183,DR2 3100 final tweaks
Update,fmt/184,DR2 3100 final tweaks
Update,x-fmt/184,DR2 3100 final tweaks
Update,fmt/185,DR2 3100 final tweaks
Update,x-fmt/185,DR2 3100 final tweaks
Update,fmt/186,DR2 3100 final tweaks
Update,x-fmt/186,DR2 3100 final tweaks
Update,fmt/187,DR2 3100 final tweaks
Update,x-fmt/187,DR2 3100 final tweaks
Update,fmt/188,DR2 3100 final tweaks
Update,x-fmt/188,DR2 3100 final tweaks
Update,fmt/189,DR2 3100 final tweaks
Update,x-fmt/189,DR2 3100 final tweaks
Update,fmt/190,DR2 3100 final tweaks
Update,x-fmt/190,DR2 3100 final tweaks
Update,fmt/191,DR2 3100 final tweaks
Update,x-fmt/191,DR2 3100 final tweaks
Update,fmt/192,DR2 3100 final tweaks
Update,x-fmt/192,DR2 3100 final tweaks
Update,fmt/193,DR2 3100 final tweaks
Update,x-fmt/193,DR2 3100 final tweaks
Update,fmt/194,DR2 3100 final tweaks
Update,x-fmt/194,DR2 3100 final tweaks
Update,fmt/195,DR2 3100 final tweaks
Update,x-fmt/195,DR2 3100 final tweaks
Update,fmt/196,DR2 3100 final tweaks
Update,x-fmt/196,DR2 3100 final tweaks
Update,fmt/197,DR2 3100 final tweaks
Update,x-fmt/197,DR2 3100 final tweaks
Update,fmt/198,DR2 3100 final tweaks
Update,x-fmt/198,DR2 3100 final tweaks
Update,fmt/199,DR2 3100 final tweaks
Update,x-fmt/199,DR2 3100 final tweaks
Update,fmt/200,DR2 3100 final tweaks
Update,x-fmt/200,DR2 3100 final tweaks
Update,fmt/201,DR2 3100 final tweaks
Update,x-fmt/201,DR2 3100 final tweaks
Update,fmt/202,DR2 3100 final tweaks
Update,x-fmt/202,DR2 3100 final tweaks
Update,fmt/203,DR2 3100 final tweaks
Update,x-fmt/203,DR2 3100 final tweaks
Update,fmt/204,DR2 3100 final tweaks
Update,x-fmt/204,DR2 3100 final tweaks
Update,fmt/205,DR2 3100 final tweaks
Update,x-fmt/205,DR2 3100 final tweaks
Update,fmt/206,DR2 3100 final tweaks
Update,x-fmt/206,DR2 3100 final tweaks
Update,fmt/207,DR2 3100 final tweaks
Update,x-fmt/207,DR2 3100 final tweaks
Update,fmt/208,DR2 3100 final tweaks
Update,x-fmt/208,DR2 3100 final tweaks
Update,fmt/209,DR2 3100 final tweaks
Update,x-fmt/209,DR2 3100 final tweaks
Update,fmt/210,DR2 3100 final tweaks
Update,x-fmt/210,DR2 3100 final tweaks
Update,fmt/211,DR2 3100 final tweaks
Update,x-fmt/211,DR2 3100 final tweaks
Update,fmt/212,DR2 3100 final tweaks
Update,x-fmt/212,DR2 3100 final tweaks
Update,fmt/213,DR2 3100 final tweaks
Update,x-fmt/213,DR2 3100 final tweaks
Update,fmt/214,DR2 3100 final tweaks
Update,x-fmt/214,DR2 3100 final tweaks
Update,fmt/215,DR2 3100 final tweaks
Update,x-fmt/215,DR2 3100 final tweaks
Update,fmt/216,DR2 3100 final tweaks
Update,x-fmt/216,DR2 3100 final tweaks
Update,fmt/217,DR2 3100 final tweaks
Update,x-fmt/217,DR2 3100 final tweaks
Update,fmt/218,DR2 3100 final tweaks
Update,x-fmt/218,DR2 3100 final tweaks
Update,fmt/219,DR2 3100 final tweaks
Update,x-fmt/219,DR2 3100 final tweaks
Update,fmt/220,DR2 3100 final tweaks
Update,x-fmt/220,DR2 3100 final tweaks
Update,fmt/221,DR2 3100 final tweaks
Update,x-fmt/221,DR2 3100 final tweaks
Update,fmt/222,DR2 3100 final tweaks
Update,x-fmt/222,DR2 3100 final tweaks
Update,fmt/223,DR2 3100 final tweaks
Update,x-fmt/223,DR2 3100 final tweaks
Update,fmt/224,DR2 3100 final tweaks
Update,x-fmt/224,DR2 3100 final tweaks
Update,fmt/225,DR2 3100 final tweaks
Update,x-fmt/225,DR2 3100 final tweaks
Update,fmt/226,DR2 3100 final tweaks
Update,x-fmt/226,DR2 3100 final tweaks
Update,fmt/227,DR2 3100 final tweaks
Update,x-fmt/227,DR2 3100 final tweaks
Update,fmt/228,DR2 3100 final tweaks
Update,x-fmt/228,DR2 3100 final tweaks
Update,fmt/229,DR2 3100 final tweaks
Update,x-fmt/229,DR2 3100 final tweaks
Update,fmt/230,DR2 3100 final tweaks
Update,x-fmt/230,DR2 3100 final tweaks
Update,fmt/231,DR2 3100 final tweaks
Update,x-fmt/231,DR2 3100 final tweaks
Update,fmt/232,DR2 3100 final tweaks
Update,x-fmt/232,DR2 3100 final tweaks
Update,fmt/233,DR2 3100 final tweaks
Update,x-fmt/233,DR2 3100 final tweaks
Update,fmt/234,DR2 3100 final tweaks
Update,x-fmt/234,DR2 3100 final tweaks
Update,fmt/235,DR2 3100 final tweaks
Update,x-fmt/235,DR2 3100 final tweaks
Update,fmt/236,DR2 3100 final tweaks
Update,x-fmt/236,DR2 3100 final tweaks
Update,fmt/237,DR2 3100 final tweaks
Update,x-fmt/237,DR2 3100 final tweaks
Update,fmt/238,DR2 3100 final tweaks
Update,x-fmt/238,DR2 3100 final tweaks
Update,fmt/239,DR2 3100 final tweaks
Update,x-fmt/239,DR2 3100 final tweaks
Update,fmt/240,DR2 3100 final tweaks
Update,x-fmt/240,DR2 3100 final tweaks
Update,fmt/241,DR2 3100 final tweaks
Update,x-fmt/241,DR2 3100 final tweaks
Update,fmt/242,DR2 3100 final tweaks
Update,x-fmt/242,DR2 3100 final tweaks
Update,fmt/243,DR2 3100 final tweaks
Update,x-fmt/243,DR2 3100 final tweaks
Update,fmt/244,DR2 3100 final tweaks
Update,x-fmt/244,DR2 3100 final tweaks
Update,fmt/245,DR2 3100 final tweaks
Update,x-fmt/245,DR2 3100 final tweaks
Update,fmt/246,DR2 3100 final tweaks
Update,x-fmt/246,DR2 3100 final tweaks
Update,fmt/247,DR2 3100 final tweaks
Update,x-fmt/247,DR2 3100 final tweaks
Update,fmt/248,DR2 3100 final tweaks
Update,x-fmt/248,DR2 3100 final tweaks
Update,fmt/249,DR2 3100 final tweaks
Update,x-fmt/249,DR2 3100 final tweaks
Update,fmt/250,DR2 3100 final tweaks
Update,x-fmt/250,DR2 3100 final tweaks
Update,fmt/251,DR2 3100 final tweaks
Update,x-fmt/251,DR2 3100 final tweaks
Update,fmt/252,DR2 3100 final tweaks
Update,x-fmt/252,DR2 3100 final tweaks
Update,fmt/253,DR2 3100 final tweaks
Update,x-fmt/253,DR2 3100 final tweaks
Update,fmt/254,DR2 3100 final tweaks
Update,x-fmt/254,DR2 3100 final tweaks
Update,fmt/255,DR2 3100 final tweaks
Update,x-fmt/255,DR2 3100 final tweaks
Update,fmt/256,DR2 3100 final tweaks
Update,x-fmt/256,DR2 3100 final tweaks
Update,fmt/257,DR2 3100 final tweaks
Update,x-fmt/257,DR2 3100 final tweaks
Update,fmt/258,DR2 3100 final tweaks
Update,x-fmt/258,DR2 3100 final tweaks
Update,fmt/259,DR2 3100 final tweaks
Update,x-fmt/259,DR2 3100 final tweaks
Update,fmt/260,DR2 3100 final tweaks
Update,x-fmt/260,DR2 3100 final tweaks
Update,fmt/261,DR2 3100 final tweaks
Update,x-fmt/261,DR2 3100 final tweaks
Update,fmt/262,DR2 3100 final tweaks
Update,x-fmt/262,DR2 3100 final tweaks
Update,fmt/263,DR2 3100 final tweaks
Update,x-fmt/263,DR2 3100 final tweaks
Update,fmt/264,DR2 3100 final tweaks
Update,x-fmt/264,DR2 3100 final tweaks
Update,fmt/265,DR2 3100 final tweaks
Update,x-fmt/265,DR2 3100 final tweaks
Update,fmt/266,DR2 3100 final tweaks
Update,x-fmt/266,DR2 3100 final tweaks
Update,fmt/267,DR2 3100 final tweaks
Update,x-fmt/267,DR2 3100 final tweaks
Update,fmt/268,DR2 3100 final tweaks
Update,x-fmt/268,DR2 3100 final tweaks
Update,fmt/269,DR2 3100 final tweaks
Update,x-fmt/269,DR2 3100 final tweaks
Update,fmt/270,DR2 3100 final tweaks
Update,x-fmt/270,DR2 3100 final tweaks
Update,fmt/271,DR2 3100 final tweaks
Update,x-fmt/271,DR2 3100 final tweaks
Update,fmt/272,DR2 3100 final tweaks
Update,x-fmt/272,DR2 3100 final tweaks
Update,fmt/273,DR2 3100 final tweaks
Update,x-fmt/273,DR2 3100 final tweaks
Update,fmt/274,DR2 3100 final tweaks
Update,x-fmt/274,DR2 3100 final tweaks
Update,fmt/275,DR2 3100 final tweaks
Update,x-fmt/275,DR2 3100 final tweaks
Update,fmt/276,DR2 3100 final tweaks
Update,x-fmt/276,DR2 3100 final tweaks
Update,fmt/277,DR2 3100 final tweaks
Update,x-fmt/277,DR2 3100 final tweaks
Update,fmt/278,DR2 3100 final tweaks
Update,x-fmt/278,DR2 3100 final tweaks
Update,fmt/279,DR2 3100 final tweaks
Update,x-fmt/279,DR2 3100 final tweaks
Update,fmt/280,DR2 3100 final tweaks
Update,x-fmt/280,DR2 3100 final tweaks
Update,fmt/281,DR2 3100 final tweaks
Update,x-fmt/281,DR2 3100 final tweaks
Update,fmt/282,DR2 3100 final tweaks
Update,x-fmt/282,DR2 3100 final tweaks
Update,fmt/283,DR2 3100 final tweaks
Update,x-fmt/283,DR2 3100 final tweaks
Update,fmt/284,DR2 3100 final tweaks
Update,x-fmt/284,DR2 3100 final tweaks
Update,fmt/285,DR2 3100 final tweaks
Update,x-fmt/285,DR2 3100 final tweaks
Update,fmt/286,DR2 3100 final tweaks
Update,x-fmt/286,DR2 3100 final tweaks
Update,fmt/287,DR2 3100 final tweaks
Update,x-fmt/287,DR2 3100 final tweaks
Update,fmt/288,DR2 3100 final tweaks
Update,x-fmt/288,DR2 3100 final tweaks
Update,fmt/289,DR2 3100 final tweaks
Update,x-fmt/289,DR2 3100 final tweaks
Update,fmt/290,DR2 3100 final tweaks
Update,x-fmt/290,DR2 3100 final tweaks
Update,fmt/291,DR2 3100 final tweaks
Update,x-fmt/291,DR2 3100 final tweaks
Update,fmt/292,DR2 3100 final tweaks
Update,x-fmt/292,DR2 3100 final tweaks
Update,fmt/293,DR2 3100 final tweaks
Update,x-fmt/293,DR2 3100 final tweaks
Update,fmt/294,DR2 3100 final tweaks
Update,x-fmt/294,DR2 3100 final tweaks
Update,fmt/295,DR2 3100 final tweaks
Update,x-fmt/295,DR2 3100 final tweaks
Update,fmt/296,DR2 3100 final tweaks
Update,x-fmt/296,DR2 3100 final tweaks
Update,fmt/297,DR2 3100 final tweaks
Update,x-fmt/297,DR2 3100 final tweaks
Update,fmt/298,DR2 3100 final tweaks
Update,x-fmt/298,DR2 3100 final tweaks
Update,fmt/299,DR2 3100 final tweaks
Update,x-fmt/299,DR2 3100 final tweaks
Update,fmt/300,DR2 3100 final tweaks
Update,x-fmt/300,DR2 3100 final tweaks
Update,fmt/301,DR2 3100 final tweaks
Update,x-fmt/301,DR2 3100 final tweaks
Update,fmt/302,DR2 3100 final tweaks
Update,x-fmt/302,DR2 3100 final tweaks
Update,fmt/303,DR2 3100 final tweaks
Update,x-fmt/303,DR2 3100 final tweaks
Update,fmt/304,DR2 3100 final tweaks
Update,x-fmt/304,DR2 3100 final tweaks
Update,fmt/305,DR2 3100 final tweaks
Update,x-fmt/305,DR2 3100 final tweaks
Update,fmt/306,DR2 3100 final tweaks
Update,x-fmt/306,DR2 3100 final tweaks
Update,fmt/307,DR2 3100 final tweaks
Update,x-fmt/307,DR2 3100 final tweaks
Update,fmt/308,DR2 3100 final tweaks
Update,x-fmt/308,DR2 3100 final tweaks
Update,fmt/309,DR2 3100 final tweaks
Update,x-fmt/309,DR2 3100 final tweaks
Update,fmt/310,DR2 3100 final tweaks
Update,x-fmt/310,DR2 3100 final tweaks
Update,fmt/311,DR2 3100 final tweaks
Update,x-fmt/311,DR2 3100 final tweaks
Update,fmt/312,DR2 3100 final tweaks
Update,x-fmt/312,DR2 3100 final tweaks
Update,fmt/313,DR2 3100 final tweaks
Update,x-fmt/313,DR2 3100 final tweaks
Update,fmt/314,DR2 3100 final tweaks
Update,x-fmt/314,DR2 3100 final tweaks
Update,fmt/315,DR2 3100 final tweaks
Update,x-fmt/315,DR2 3100 final tweaks
Update,fmt/316,DR2 3100 final tweaks
Update,x-fmt/316,DR2 3100 final tweaks
Update,fmt/317,DR2 3100 final tweaks
Update,x-fmt/317,DR2 3100 final tweaks
Update,fmt/318,DR2 3100 final tweaks
Update,x-fmt/318,DR2 3100 final tweaks
Update,fmt/319,DR2 3100 final tweaks
Update,x-fmt/319,DR2 3100 final tweaks
Update,fmt/320,DR2 3100 final tweaks
Update,x-fmt/320,DR2 3100 final tweaks
Update,fmt/321,DR2 3100 final tweaks
Update,x-fmt/321,DR2 3100 final tweaks
Update,fmt/322,DR2 3100 final tweaks
Update,x-fmt/322,DR2 3100 final tweaks
Update,fmt/323,DR2 3100 final tweaks
Update,x-fmt/323,DR2 3100 final tweaks
Update,fmt/324,DR2 3100 final tweaks
Update,x-fmt/324,DR2 3100 final tweaks
Update,fmt/325,DR2 3100 final tweaks
Update,x-fmt/325,DR2 3100 final tweaks
Update,fmt/326,DR2 3100 final tweaks
Update,x-fmt/326,DR2 3100 final tweaks
Update,fmt/327,DR2 3100 final tweaks
Update,x-fmt/327,DR2 3100 final tweaks
Update,fmt/328,DR2 3100 final tweaks
Update,x-fmt/328,DR2 3100 final tweaks
Update,fmt/329,DR2 3100 final tweaks
Update,x-fmt/329,DR2 3100 final tweaks
Update,fmt/330,DR2 3100 final tweaks
Update,x-fmt/330,DR2 3100 final tweaks
Update,fmt/331,DR2 3100 final tweaks
Update,x-fmt/331,DR2 3100 final tweaks
Update,fmt/332,DR2 3100 final tweaks
Update,x-fmt/332,DR2 3100 final tweaks
Update,fmt/333,DR2 3100 final tweaks
Update,x-fmt/333,DR2 3100 final tweaks
Update,fmt/334,DR2 3100 final tweaks
Update,x-fmt/334,DR2 3100 final tweaks
Update,fmt/335,DR2 3100 final tweaks
Update,x-fmt/335,DR2 3100 final tweaks
Update,fmt/336,DR2 3100 final tweaks
Update,x-fmt/336,DR2 3100 final tweaks
Update,fmt/337,DR2 3100 final tweaks
Update,x-fmt/337,DR2 3100 final tweaks
Update,fmt/338,DR2 3100 final tweaks
Update,x-fmt/338,DR2 3100 final tweaks
Update,fmt/339,DR2 3100 final tweaks
Update,x-fmt/339,DR2 3100 final tweaks
Update,fmt/340,DR2 3100 final tweaks
Update,x-fmt/340,DR2 3100 final tweaks
Update,fmt/341,DR2 3100 final tweaks
Update,x-fmt/341,DR2 3100 final tweaks
Update,fmt/342,DR2 3100 final tweaks
Update,x-fmt/342,DR2 3100 final tweaks
Update,fmt/343,DR2 3100 final tweaks
Update,x-fmt/343,DR2 3100 final tweaks
Update,fmt/344,DR2 3100 final tweaks
Update,x-fmt/344,DR2 3100 final tweaks
Update,fmt/345,DR2 3100 final tweaks
Update,x-fmt/345,DR2 3100 final tweaks
Update,fmt/346,DR2 3100 final tweaks
Update,x-fmt/346,DR2 3100 final tweaks
Update,fmt/347,DR2 3100 final tweaks
Update,x-fmt/347,DR2 3100 final tweaks
Update,fmt/348,DR2 3100 final tweaks
Update,x-fmt/348,DR2 3100 final tweaks
Update,fmt/349,DR2 3100 final tweaks
Update,x-fmt/349,DR2 3100 final tweaks
Update,fmt/350,DR2 3100 final tweaks
Update,x-fmt/350,DR2 3100 final tweaks
Update,fmt/351,DR2 3100 final tweaks
Update,x-fmt/351,DR2 3100 final tweaks
Update,fmt/352,DR2 3100 final tweaks
Update,x-fmt/352,DR2 3100 final tweaks
Update,fmt/353,DR2 3100 final tweaks
Update,x-fmt/353,DR2 3100 final tweaks
Update,fmt/354,DR2 3100 final tweaks
Update,x-fmt/354,DR2 3100 final tweaks
Update,fmt/355,DR2 3100 final tweaks
Update,x-fmt/355,DR2 3100 final tweaks
Update,fmt/356,DR2 3100 final tweaks
Update,x-fmt/356,DR2 3100 final tweaks
Update,fmt/357,DR2 3100 final tweaks
Update,x-fmt/357,DR2 3100 final tweaks
Update,fmt/358,DR2 3100 final tweaks
Update,x-fmt/358,DR2 3100 final tweaks
Update,fmt/359,DR2 3100 final tweaks
Update,x-fmt/359,DR2 3100 final tweaks
Update,fmt/360,DR2 3100 final tweaks
Update,x-fmt/360,DR2 3100 final tweaks
Update,fmt/361,DR2 3100 final tweaks
Update,x-fmt/361,DR2 3100 final tweaks
Update,fmt/362,DR2 3100 final tweaks
Update,x-fmt/362,DR2 3100 final tweaks
Update,fmt/363,DR2 3100 final tweaks
Update,x-fmt/363,DR2 3100 final tweaks
Update,fmt/364,DR2 3100 final tweaks
Update,x-fmt/364,DR2 3100 final tweaks
Update,fmt/365,DR2 3100 final tweaks
Update,x-fmt/365,DR2 3100 final tweaks
Update,fmt/366,DR2 3100 final tweaks
Update,fmt/367,DR2 3100 final tweaks
Update,x-fmt/367,DR2 3100 final tweaks
Update,fmt/368,DR2 3100 final tweaks
Update,x-fmt/368,DR2 3100 final tweaks
Update,fmt/369,DR2 3100 final tweaks
Update,x-fmt/369,DR2 3100 final tweaks
Update,fmt/370,DR2 3100 final tweaks
Update,x-fmt/370,DR2 3100 final tweaks
Update,fmt/371,DR2 3100 final tweaks
Update,x-fmt/371,DR2 3100 final tweaks
Update,fmt/372,DR2 3100 final tweaks
Update,x-fmt/372,DR2 3100 final tweaks
Update,fmt/373,DR2 3100 final tweaks
Update,x-fmt/373,DR2 3100 final tweaks
Update,fmt/374,DR2 3100 final tweaks
Update,x-fmt/374,DR2 3100 final tweaks
Update,fmt/375,DR2 3100 final tweaks
Update,x-fmt/375,DR2 3100 final tweaks
Update,fmt/376,DR2 3100 final tweaks
Update,x-fmt/376,DR2 3100 final tweaks
Update,fmt/377,DR2 3100 final tweaks
Update,x-fmt/377,DR2 3100 final tweaks
Update,fmt/378,DR2 3100 final tweaks
Update,x-fmt/378,DR2 3100 final tweaks
Update,fmt/379,DR2 3100 final tweaks
Update,x-fmt/379,DR2 3100 final tweaks
Update,fmt/380,DR2 3100 final tweaks
Update,x-fmt/380,DR2 3100 final tweaks
Update,fmt/381,DR2 3100 final tweaks
Update,x-fmt/381,DR2 3100 final tweaks
Update,fmt/382,DR2 3100 final tweaks
Update,x-fmt/382,DR2 3100 final tweaks
Update,fmt/383,DR2 3100 final tweaks
Update,x-fmt/383,DR2 3100 final tweaks
Update,fmt/384,DR2 3100 final tweaks
Update,x-fmt/384,DR2 3100 final tweaks
Update,fmt/385,DR2 3100 final tweaks
Update,x-fmt/385,DR2 3100 final tweaks
Update,fmt/386,DR2 3100 final tweaks
Update,x-fmt/386,DR2 3100 final tweaks
Update,fmt/387,DR2 3100 final tweaks
Update,x-fmt/387,DR2 3100 final tweaks
Update,fmt/388,DR2 3100 final tweaks
Update,x-fmt/388,DR2 3100 final tweaks
Update,fmt/389,DR2 3100 final tweaks
Update,x-fmt/389,DR2 3100 final tweaks
Update,fmt/390,DR2 3100 final tweaks
Update,x-fmt/390,DR2 3100 final tweaks
Update,fmt/391,DR2 3100 final tweaks
Update,x-fmt/391,DR2 3100 final tweaks
Update,fmt/392,DR2 3100 final tweaks
Update,x-fmt/392,DR2 3100 final tweaks
Update,fmt/393,DR2 3100 final tweaks
Update,x-fmt/393,DR2 3100 final tweaks
Update,fmt/394,DR2 3100 final tweaks
Update,x-fmt/394,DR2 3100 final tweaks
Update,fmt/395,DR2 3100 final tweaks
Update,x-fmt/395,DR2 3100 final tweaks
Update,fmt/396,DR2 3100 final tweaks
Update,x-fmt/396,DR2 3100 final tweaks
Update,fmt/397,DR2 3100 final tweaks
Update,x-fmt/397,DR2 3100 final tweaks
Update,fmt/398,DR2 3100 final tweaks
Update,x-fmt/398,DR2 3100 final tweaks
Update,fmt/399,DR2 3100 final tweaks
Update,x-fmt/399,DR2 3100 final tweaks
Update,fmt/400,DR2 3100 final tweaks
Update,x-fmt/400,DR2 3100 final tweaks
Update,fmt/401,DR2 3100 final tweaks
Update,x-fmt/401,DR2 3100 final tweaks
Update,fmt/402,DR2 3100 final tweaks
Update,x-fmt/402,DR2 3100 final tweaks
Update,fmt/403,DR2 3100 final tweaks
Update,x-fmt/403,DR2 3100 final tweaks
Update,fmt/404,DR2 3100 final tweaks
Update,x-fmt/404,DR2 3100 final tweaks
Update,fmt/405,DR2 3100 final tweaks
Update,x-fmt/405,DR2 3100 final tweaks
Update,fmt/406,DR2 3100 final tweaks
Update,x-fmt/406,DR2 3100 final tweaks
Update,fmt/407,DR2 3100 final tweaks
Update,x-fmt/407,DR2 3100 final tweaks
Update,fmt/408,DR2 3100 final tweaks
Update,x-fmt/408,DR2 3100 final tweaks
Update,fmt/409,DR2 3100 final tweaks
Update,x-fmt/409,DR2 3100 final tweaks
Update,fmt/410,DR2 3100 final tweaks
Update,x-fmt/410,DR2 3100 final tweaks
Update,fmt/411,DR2 3100 final tweaks
Update,x-fmt/411,DR2 3100 final tweaks
Update,fmt/412,DR2 3100 final tweaks
Update,x-fmt/412,DR2 3100 final tweaks
Update,fmt/413,DR2 3100 final tweaks
Update,x-fmt/413,DR2 3100 final tweaks
Update,fmt/414,DR2 3100 final tweaks
Update,x-fmt/414,DR2 3100 final tweaks
Update,fmt/415,DR2 3100 final tweaks
Update,x-fmt/415,DR2 3100 final tweaks
Update,fmt/416,DR2 3100 final tweaks
Update,x-fmt/416,DR2 3100 final tweaks
Update,fmt/417,DR2 3100 final tweaks
Update,x-fmt/417,DR2 3100 final tweaks
Update,fmt/418,DR2 3100 final tweaks
Update,x-fmt/418,DR2 3100 final tweaks
Update,fmt/419,DR2 3100 final tweaks
Update,x-fmt/419,DR2 3100 final tweaks
Update,fmt/420,DR2 3100 final tweaks
Update,x-fmt/420,DR2 3100 final tweaks
Update,fmt/421,DR2 3100 final tweaks
Update,x-fmt/421,DR2 3100 final tweaks
Update,fmt/422,DR2 3100 final tweaks
Update,x-fmt/422,DR2 3100 final tweaks
Update,fmt/423,DR2 3100 final tweaks
Update,x-fmt/423,DR2 3100 final tweaks
Update,fmt/424,DR2 3100 final tweaks
Update,x-fmt/424,DR2 3100 final tweaks
Update,fmt/425,DR2 3100 final tweaks
Update,x-fmt/425,DR2 3100 final tweaks
Update,fmt/426,DR2 3100 final tweaks
Update,x-fmt/426,DR2 3100 final tweaks
Update,fmt/427,DR2 3100 final tweaks
Update,x-fmt/427,DR2 3100 final tweaks
Update,fmt/428,DR2 3100 final tweaks
Update,x-fmt/428,DR2 3100 final tweaks
Update,fmt/429,DR2 3100 final tweaks
Update,x-fmt/429,DR2 3100 final tweaks
Update,fmt/430,DR2 3100 final tweaks
Update,x-fmt/430,DR2 3100 final tweaks
Update,fmt/431,DR2 3100 final tweaks
Update,fmt/432,DR2 3100 final tweaks
Update,x-fmt/432,DR2 3100 final tweaks
Update,fmt/433,DR2 3100 final tweaks
Update,x-fmt/433,DR2 3100 final tweaks
Update,fmt/434,DR2 3100 final tweaks
Update,x-fmt/434,DR2 3100 final tweaks
Update,fmt/435,DR2 3100 final tweaks
Update,x-fmt/435,DR2 3100 final tweaks
Update,fmt/436,DR2 3100 final tweaks
Update,x-fmt/436,DR2 3100 final tweaks
Update,fmt/437,DR2 3100 final tweaks
Update,x-fmt/437,DR2 3100 final tweaks
Update,fmt/438,DR2 3100 final tweaks
Update,x-fmt/438,DR2 3100 final tweaks
Update,fmt/439,DR2 3100 final tweaks
Update,x-fmt/439,DR2 3100 final tweaks
Update,fmt/440,DR2 3100 final tweaks
Update,x-fmt/440,DR2 3100 final tweaks
Update,fmt/441,DR2 3100 final tweaks
Update,x-fmt/441,DR2 3100 final tweaks
Update,fmt/442,DR2 3100 final tweaks
Update,x-fmt/442,DR2 3100 final tweaks
Update,fmt/443,DR2 3100 final tweaks
Update,x-fmt/443,DR2 3100 final tweaks
Update,fmt/444,DR2 3100 final tweaks
Update,x-fmt/444,DR2 3100 final tweaks
Update,fmt/445,DR2 3100 final tweaks
Update,x-fmt/445,DR2 3100 final tweaks
Update,fmt/446,DR2 3100 final tweaks
Update,x-fmt/446,DR2 3100 final tweaks
Update,fmt/447,DR2 3100 final tweaks
Update,x-fmt/447,DR2 3100 final tweaks
Update,fmt/448,DR2 3100 final tweaks
Update,x-fmt/448,DR2 3100 final tweaks
Update,fmt/449,DR2 3100 final tweaks
Update,x-fmt/449,DR2 3100 final tweaks
Update,fmt/450,DR2 3100 final tweaks
Update,x-fmt/450,DR2 3100 final tweaks
Update,fmt/451,DR2 3100 final tweaks
Update,x-fmt/451,DR2 3100 final tweaks
Update,fmt/452,DR2 3100 final tweaks
Update,x-fmt/452,DR2 3100 final tweaks
Update,fmt/453,DR2 3100 final tweaks
Update,x-fmt/453,DR2 3100 final tweaks
Update,fmt/454,DR2 3100 final tweaks
Update,x-fmt/454,DR2 3100 final tweaks
Update,fmt/455,DR2 3100 final tweaks
Update,x-fmt/455,DR2 3100 final tweaks
Update,fmt/456,DR2 3100 final tweaks
Update,fmt/457,DR2 3100 final tweaks
Update,fmt/458,DR2 3100 final tweaks
Update,fmt/459,DR2 3100 final tweaks
Update,fmt/460,DR2 3100 final tweaks
Update,fmt/461,DR2 3100 final tweaks
Update,fmt/462,DR2 3100 final tweaks
Update,fmt/463,DR2 3100 final tweaks
Update,fmt/464,DR2 3100 final tweaks
Update,fmt/465,DR2 3100 final tweaks
Update,fmt/466,DR2 3100 final tweaks
Update,fmt/467,DR2 3100 final tweaks
Update,fmt/468,DR2 3100 final tweaks
Update,fmt/469,DR2 3100 final tweaks
Update,fmt/470,DR2 3100 final tweaks
Update,fmt/471,DR2 3100 final tweaks
Update,fmt/472,DR2 3100 final tweaks
Update,fmt/473,DR2 3100 final tweaks
Update,fmt/474,DR2 3100 final tweaks
Update,fmt/475,DR2 3100 final tweaks
Update,fmt/476,DR2 3100 final tweaks
Update,fmt/477,DR2 3100 final tweaks
Update,fmt/478,DR2 3100 final tweaks
Update,fmt/479,DR2 3100 final tweaks
Update,fmt/480,DR2 3100 final tweaks
Update,fmt/481,DR2 3100 final tweaks
Update,fmt/482,DR2 3100 final tweaks
Update,fmt/483,DR2 3100 final tweaks
Update,fmt/484,DR2 3100 final tweaks
Update,fmt/485,DR2 3100 final tweaks
Update,fmt/486,DR2 3100 final tweaks
Update,fmt/487,DR2 3100 final tweaks
Update,fmt/488,DR2 3100 final tweaks
Update,fmt/489,DR2 3100 final tweaks
Update,fmt/490,DR2 3100 final tweaks
Update,fmt/491,DR2 3100 final tweaks
Update,fmt/492,DR2 3100 final tweaks
Update,fmt/493,DR2 3100 final tweaks
Update,fmt/494,DR2 3100 final tweaks
Update,fmt/495,DR2 3100 final tweaks
Update,fmt/496,DR2 3100 final tweaks
Update,fmt/497,DR2 3100 final tweaks
Update,fmt/498,DR2 3100 final tweaks
Update,fmt/499,DR2 3100 final tweaks
Update,fmt/500,DR2 3100 final tweaks
Update,fmt/501,DR2 3100 final tweaks
Update,fmt/502,DR2 3100 final tweaks
Update,fmt/503,DR2 3100 final tweaks
Update,fmt/504,DR2 3100 final tweaks
Update,fmt/505,DR2 3100 final tweaks
Update,fmt/506,DR2 3100 final tweaks
Update,fmt/507,DR2 3100 final tweaks
Update,fmt/508,DR2 3100 final tweaks
Update,fmt/509,DR2 3100 final tweaks
Update,fmt/510,DR2 3100 final tweaks
Update,fmt/511,DR2 3100 final tweaks
Update,fmt/512,DR2 3100 final tweaks
Update,fmt/513,DR2 3100 final tweaks
Update,fmt/514,DR2 3100 final tweaks
Update,fmt/515,DR2 3100 final tweaks
Update,fmt/516,DR2 3100 final tweaks
Update,fmt/517,DR2 3100 final tweaks
Update,fmt/518,DR2 3100 final tweaks
Update,fmt/519,DR2 3100 final tweaks
Update,fmt/520,DR2 3100 final tweaks
Update,fmt/521,DR2 3100 final tweaks
Update,fmt/522,DR2 3100 final tweaks
Update,fmt/523,DR2 3100 final tweaks
Update,fmt/524,DR2 3100 final tweaks
Update,fmt/525,DR2 3100 final tweaks
Update,fmt/526,DR2 3100 final tweaks
Update,fmt/527,DR2 3100 final tweaks
Update,fmt/528,DR2 3100 final tweaks
Update,fmt/529,DR2 3100 final tweaks
Update,fmt/530,DR2 3100 final tweaks
Update,fmt/531,DR2 3100 final tweaks
Update,fmt/532,DR2 3100 final tweaks
Update,fmt/533,DR2 3100 final tweaks
Update,fmt/534,DR2 3100 final tweaks
Update,fmt/535,DR2 3100 final tweaks
Update,fmt/536,DR2 3100 final tweaks
Update,fmt/537,DR2 3100 final tweaks
Update,fmt/538,DR2 3100 final tweaks
Update,fmt/539,DR2 3100 final tweaks
Update,fmt/540,DR2 3100 final tweaks
Update,fmt/541,DR2 3100 final tweaks
Update,fmt/542,DR2 3100 final tweaks
Update,fmt/543,DR2 3100 final tweaks
Update,fmt/544,DR2 3100 final tweaks
Update,fmt/545,DR2 3100 final tweaks
Update,fmt/546,DR2 3100 final tweaks
Update,fmt/547,DR2 3100 final tweaks
Update,fmt/548,DR2 3100 final tweaks
Update,fmt/549,DR2 3100 final tweaks
Update,fmt/550,DR2 3100 final tweaks
Update,fmt/551,DR2 3100 final tweaks
Update,fmt/552,DR2 3100 final tweaks
Update,fmt/553,DR2 3100 final tweaks
Update,fmt/554,DR2 3100 final tweaks
Update,fmt/555,DR2 3100 final tweaks
Update,fmt/556,DR2 3100 final tweaks
Update,fmt/557,DR2 3100 final tweaks
Update,fmt/558,DR2 3100 final tweaks
Update,fmt/559,DR2 3100 final tweaks
Update,fmt/560,DR2 3100 final tweaks
Update,fmt/561,DR2 3100 final tweaks
Update,fmt/562,DR2 3100 final tweaks
Update,fmt/563,DR2 3100 final tweaks
Update,fmt/564,DR2 3100 final tweaks
Update,fmt/565,DR2 3100 final tweaks
Update,fmt/566,DR2 3100 final tweaks
Update,fmt/567,DR2 3100 final tweaks
Update,fmt/568,DR2 3100 final tweaks
Update,fmt/569,DR2 3100 final tweaks
Update,fmt/570,DR2 3100 final tweaks
Update,fmt/571,DR2 3100 final tweaks
Update,fmt/572,DR2 3100 final tweaks
Update,fmt/573,DR2 3100 final tweaks
Update,fmt/574,DR2 3100 final tweaks
Update,fmt/575,DR2 3100 final tweaks
Update,fmt/576,DR2 3100 final tweaks
Update,fmt/577,DR2 3100 final tweaks
Update,fmt/578,DR2 3100 final tweaks
Update,fmt/579,DR2 3100 final tweaks
Update,fmt/580,DR2 3100 final tweaks
Update,fmt/581,DR2 3100 final tweaks
Update,fmt/582,DR2 3100 final tweaks
Update,fmt/583,DR2 3100 final tweaks
Update,fmt/584,DR2 3100 final tweaks
Update,fmt/585,DR2 3100 final tweaks
Update,fmt/586,DR2 3100 final tweaks
Update,fmt/587,DR2 3100 final tweaks
Update,fmt/588,DR2 3100 final tweaks
Update,fmt/589,DR2 3100 final tweaks
Update,fmt/590,DR2 3100 final tweaks
Update,fmt/591,DR2 3100 final tweaks
Update,fmt/592,DR2 3100 final tweaks
Update,fmt/593,DR2 3100 final tweaks
Update,fmt/594,DR2 3100 final tweaks
Update,fmt/595,DR2 3100 final tweaks
Update,fmt/596,DR2 3100 final tweaks
Update,fmt/597,DR2 3100 final tweaks
Update,fmt/598,DR2 3100 final tweaks
Update,fmt/599,DR2 3100 final tweaks
Update,fmt/600,DR2 3100 final tweaks
Update,fmt/601,DR2 3100 final tweaks
Update,fmt/602,DR2 3100 final tweaks
Update,fmt/603,DR2 3100 final tweaks
Update,fmt/604,DR2 3100 final tweaks
Update,fmt/605,DR2 3100 final tweaks
Update,fmt/606,DR2 3100 final tweaks
Update,fmt/607,DR2 3100 final tweaks
Update,fmt/608,DR2 3100 final tweaks
Update,fmt/609,DR2 3100 final tweaks
Update,fmt/610,DR2 3100 final tweaks
Update,fmt/611,DR2 3100 final tweaks
Update,fmt/612,DR2 3100 final tweaks
Update,fmt/613,DR2 3100 final tweaks
Update,fmt/614,DR2 3100 final tweaks
Update,fmt/615,DR2 3100 final tweaks
Update,fmt/616,DR2 3100 final tweaks
Update,fmt/617,DR2 3100 final tweaks
Update,fmt/618,DR2 3100 final tweaks
Update,fmt/619,DR2 3100 final tweaks
Update,fmt/620,DR2 3100 final tweaks
Update,fmt/621,DR2 3100 final tweaks
Update,fmt/622,DR2 3100 final tweaks
Update,fmt/623,DR2 3100 final tweaks
Update,fmt/624,DR2 3100 final tweaks
Update,fmt/625,DR2 3100 final tweaks
Update,fmt/626,DR2 3100 final tweaks
Update,fmt/627,DR2 3100 final tweaks
Update,fmt/628,DR2 3100 final tweaks
Update,fmt/629,DR2 3100 final tweaks
Update,fmt/630,DR2 3100 final tweaks
Update,fmt/631,DR2 3100 final tweaks
Update,fmt/632,DR2 3100 final tweaks
Update,fmt/633,DR2 3100 final tweaks
Update,fmt/634,DR2 3100 final tweaks
Update,fmt/635,DR2 3100 final tweaks
Update,fmt/636,DR2 3100 final tweaks
Update,fmt/637,DR2 3100 final tweaks
Update,fmt/638,DR2 3100 final tweaks
Update,fmt/639,DR2 3100 final tweaks
Update,fmt/640,DR2 3100 final tweaks
Update,fmt/641,DR2 3100 final tweaks
Update,fmt/642,DR2 3100 final tweaks
Update,fmt/643,DR2 3100 final tweaks
Update,fmt/644,DR2 3100 final tweaks
Update,fmt/645,DR2 3100 final tweaks
Update,fmt/646,DR2 3100 final tweaks
Update,fmt/647,DR2 3100 final tweaks
Update,fmt/648,DR2 3100 final tweaks
Update,fmt/649,DR2 3100 final tweaks
Update,fmt/650,DR2 3100 final tweaks
Update,fmt/651,DR2 3100 final tweaks
Update,fmt/652,DR2 3100 final tweaks
Update,fmt/653,DR2 3100 final tweaks
Update,fmt/654,DR2 3100 final tweaks
Update,fmt/655,DR2 3100 final tweaks
Update,fmt/656,DR2 3100 final tweaks
Update,fmt/657,DR2 3100 final tweaks
Update,fmt/658,DR2 3100 final tweaks
Update,fmt/659,DR2 3100 final tweaks
Update,fmt/660,DR2 3100 final tweaks
Update,fmt/661,DR2 3100 final tweaks
Update,fmt/662,DR2 3100 final tweaks
Update,fmt/663,DR2 3100 final tweaks
Update,fmt/664,DR2 3100 final tweaks
Update,fmt/665,DR2 3100 final tweaks
Update,fmt/666,DR2 3100 final tweaks
Update,fmt/667,DR2 3100 final tweaks
Update,fmt/668,DR2 3100 final tweaks
Update,fmt/669,DR2 3100 final tweaks
Update,fmt/670,DR2 3100 final tweaks
Update,fmt/671,DR2 3100 final tweaks
Update,fmt/672,DR2 3100 final tweaks
Update,fmt/673,DR2 3100 final tweaks
Update,fmt/674,DR2 3100 final tweaks
Update,fmt/675,DR2 3100 final tweaks
Update,fmt/676,DR2 3100 final tweaks
Update,fmt/677,DR2 3100 final tweaks
Update,fmt/678,DR2 3100 final tweaks
Update,fmt/679,DR2 3100 final tweaks
Update,fmt/680,DR2 3100 final tweaks
Update,fmt/681,DR2 3100 final tweaks
Update,fmt/682,DR2 3100 final tweaks
Update,fmt/683,DR2 3100 final tweaks
Update,fmt/684,DR2 3100 final tweaks
Update,fmt/685,DR2 3100 final tweaks
Update,fmt/686,DR2 3100 final tweaks
Update,fmt/687,DR2 3100 final tweaks
Update,fmt/688,DR2 3100 final tweaks
Update,fmt/689,DR2 3100 final tweaks
Update,fmt/690,DR2 3100 final tweaks
Update,fmt/691,DR2 3100 final tweaks
Update,fmt/692,DR2 3100 final tweaks
Update,fmt/693,DR2 3100 final tweaks
Update,fmt/694,DR2 3100 final tweaks
Update,fmt/695,DR2 3100 final tweaks
Update,fmt/696,DR2 3100 final tweaks
Update,fmt/697,DR2 3100 final tweaks
Update,fmt/698,DR2 3100 final tweaks
Update,fmt/699,DR2 3100 final tweaks
Update,fmt/700,DR2 3100 final tweaks
Update,fmt/701,DR2 3100 final tweaks
Update,fmt/702,DR2 3100 final tweaks
Update,fmt/703,DR2 3100 final tweaks
Update,fmt/704,DR2 3100 final tweaks
Update,fmt/705,DR2 3100 final tweaks
Update,fmt/706,DR2 3100 final tweaks
Update,fmt/707,DR2 3100 final tweaks
Update,fmt/708,DR2 3100 final tweaks
Update,fmt/709,DR2 3100 final tweaks
Update,fmt/710,DR2 3100 final tweaks
Update,fmt/711,DR2 3100 final tweaks
Update,fmt/712,DR2 3100 final tweaks
Update,fmt/713,DR2 3100 final tweaks
Update,fmt/714,DR2 3100 final tweaks
Update,fmt/715,DR2 3100 final tweaks
Update,fmt/716,DR2 3100 final tweaks
Update,fmt/717,DR2 3100 final tweaks
Update,fmt/718,DR2 3100 final tweaks
Update,fmt/719,DR2 3100 final tweaks
Update,fmt/720,DR2 3100 final tweaks
Update,fmt/721,DR2 3100 final tweaks
Update,fmt/722,DR2 3100 final tweaks
Update,fmt/723,DR2 3100 final tweaks
Update,fmt/724,DR2 3100 final tweaks
Update,fmt/725,DR2 3100 final tweaks
Update,fmt/726,DR2 3100 final tweaks
Update,fmt/727,DR2 3100 final tweaks
Update,fmt/728,DR2 3100 final tweaks
Update,fmt/729,DR2 3100 final tweaks
Update,fmt/730,DR2 3100 final tweaks
Update,fmt/731,DR2 3100 final tweaks
Update,fmt/732,DR2 3100 final tweaks
Update,fmt/733,DR2 3100 final tweaks
Update,fmt/734,DR2 3100 final tweaks
Update,fmt/735,DR2 3100 final tweaks
Update,fmt/736,DR2 3100 final tweaks
Update,fmt/737,DR2 3100 final tweaks
Update,fmt/738,DR2 3100 final tweaks
Update,fmt/739,DR2 3100 final tweaks
Update,fmt/740,DR2 3100 final tweaks
Update,fmt/741,DR2 3100 final tweaks
Update,fmt/742,DR2 3100 final tweaks
Update,fmt/743,DR2 3100 final tweaks
Update,fmt/744,DR2 3100 final tweaks
Update,fmt/745,DR2 3100 final tweaks
Update,fmt/746,DR2 3100 final tweaks
Update,fmt/747,DR2 3100 final tweaks
Update,fmt/748,DR2 3100 final tweaks
Update,fmt/749,DR2 3100 final tweaks
Update,fmt/750,DR2 3100 final tweaks
Update,fmt/751,DR2 3100 final tweaks
Update,fmt/752,DR2 3100 final tweaks
Update,fmt/753,DR2 3100 final tweaks
Update,fmt/754,DR2 3100 final tweaks
Update,fmt/755,DR2 3100 final tweaks
Update,fmt/756,DR2 3100 final tweaks
Update,fmt/757,DR2 3100 final tweaks
Update,fmt/758,DR2 3100 final tweaks
Update,fmt/759,DR2 3100 final tweaks
Update,fmt/760,DR2 3100 final tweaks
Update,fmt/761,DR2 3100 final tweaks
Update,fmt/762,DR2 3100 final tweaks
Update,fmt/763,DR2 3100 final tweaks
Update,fmt/764,DR2 3100 final tweaks
Update,fmt/765,DR2 3100 final tweaks
Update,fmt/766,DR2 3100 final tweaks
Update,fmt/767,DR2 3100 final tweaks
Update,fmt/768,DR2 3100 final tweaks
Update,fmt/769,DR2 3100 final tweaks
Update,fmt/770,DR2 3100 final tweaks
Update,fmt/771,DR2 3100 final tweaks
Update,fmt/772,DR2 3100 final tweaks
Update,fmt/773,DR2 3100 final tweaks
Update,fmt/774,DR2 3100 final tweaks
Update,fmt/775,DR2 3100 final tweaks
Update,fmt/776,DR2 3100 final tweaks
Update,fmt/777,DR2 3100 final tweaks
Update,fmt/778,DR2 3100 final tweaks
Update,fmt/779,DR2 3100 final tweaks
Update,fmt/780,DR2 3100 final tweaks
Update,fmt/781,DR2 3100 final tweaks
Update,fmt/782,DR2 3100 final tweaks
Update,fmt/783,DR2 3100 final tweaks
Update,fmt/784,DR2 3100 final tweaks
Update,fmt/785,DR2 3100 final tweaks
Update,fmt/786,DR2 3100 final tweaks
Update,fmt/787,DR2 3100 final tweaks
Update,fmt/788,DR2 3100 final tweaks
Update,fmt/789,DR2 3100 final tweaks
Update,fmt/790,DR2 3100 final tweaks
Update,fmt/791,DR2 3100 final tweaks
Update,fmt/792,DR2 3100 final tweaks
Update,fmt/793,DR2 3100 final tweaks
Update,fmt/794,DR2 3100 final tweaks
Update,fmt/795,DR2 3100 final tweaks
Update,fmt/796,DR2 3100 final tweaks
Update,fmt/797,DR2 3100 final tweaks
Update,fmt/798,DR2 3100 final tweaks
Update,fmt/799,DR2 3100 final tweaks
Update,fmt/800,DR2 3100 final tweaks
Update,fmt/801,DR2 3100 final tweaks
Update,fmt/802,DR2 3100 final tweaks
Update,fmt/803,DR2 3100 final tweaks
Update,fmt/804,DR2 3100 final tweaks
Update,fmt/805,DR2 3100 final tweaks
Update,fmt/806,DR2 3100 final tweaks
Update,fmt/807,DR2 3100 final tweaks
Update,fmt/808,DR2 3100 final tweaks
Update,fmt/809,DR2 3100 final tweaks
Update,fmt/810,DR2 3100 final tweaks
Update,fmt/811,DR2 3100 final tweaks
Update,fmt/812,DR2 3100 final tweaks
Update,fmt/813,DR2 3100 final tweaks
Update,fmt/814,DR2 3100 final tweaks
Update,fmt/815,DR2 3100 final tweaks
Update,fmt/816,DR2 3100 final tweaks
Update,fmt/817,DR2 3100 final tweaks
Update,fmt/818,DR2 3100 final tweaks
Update,fmt/819,DR2 3100 final tweaks
Update,fmt/820,DR2 3100 final tweaks
Update,fmt/821,DR2 3100 final tweaks
Update,fmt/822,DR2 3100 final tweaks
Update,fmt/823,DR2 3100 final tweaks
Update,fmt/824,DR2 3100 final tweaks
Update,fmt/825,DR2 3100 final tweaks
Update,fmt/826,DR2 3100 final tweaks
Update,fmt/827,DR2 3100 final tweaks
Update,fmt/828,DR2 3100 final tweaks
Update,fmt/829,DR2 3100 final tweaks
Update,fmt/830,DR2 3100 final tweaks
Update,fmt/831,DR2 3100 final tweaks
Update,fmt/832,DR2 3100 final tweaks
Update,fmt/833,DR2 3100 final tweaks
Update,fmt/834,DR2 3100 final tweaks
Update,fmt/835,DR2 3100 final tweaks
Update,fmt/836,DR2 3100 final tweaks
Update,fmt/837,DR2 3100 final tweaks
Update,fmt/838,DR2 3100 final tweaks
Update,fmt/839,DR2 3100 final tweaks
Update,fmt/840,DR2 3100 final tweaks
Update,fmt/841,DR2 3100 final tweaks
Update,fmt/842,DR2 3100 final tweaks
Update,fmt/843,DR2 3100 final tweaks
Update,fmt/844,DR2 3100 final tweaks
Update,fmt/845,DR2 3100 final tweaks
Update,fmt/846,DR2 3100 final tweaks
Update,fmt/847,DR2 3100 final tweaks
Update,fmt/848,DR2 3100 final tweaks
Update,fmt/849,DR2 3100 final tweaks
Update,fmt/850,DR2 3100 final tweaks
Update,fmt/851,DR2 3100 final tweaks
Update,fmt/852,DR2 3100 final tweaks
Update,fmt/853,DR2 3100 final tweaks
Update,fmt/854,DR2 3100 final tweaks
Update,fmt/855,DR2 3100 final tweaks
Update,fmt/856,DR2 3100 final tweaks
Update,fmt/857,DR2 3100 final tweaks
Update,fmt/858,DR2 3100 final tweaks
Update,fmt/859,DR2 3100 final tweaks
Update,fmt/860,DR2 3100 final tweaks
Update,fmt/861,DR2 3100 final tweaks
Update,fmt/862,DR2 3100 final tweaks
Update,fmt/863,DR2 3100 final tweaks
Update,fmt/864,DR2 3100 final tweaks
Update,fmt/865,DR2 3100 final tweaks
Update,fmt/866,DR2 3100 final tweaks
Update,fmt/867,DR2 3100 final tweaks
Update,fmt/868,DR2 3100 final tweaks
Update,fmt/869,DR2 3100 final tweaks
Update,fmt/870,DR2 3100 final tweaks
Update,fmt/871,DR2 3100 final tweaks
Update,fmt/872,DR2 3100 final tweaks
Update,fmt/873,DR2 3100 final tweaks
Update,fmt/874,DR2 3100 final tweaks
Update,fmt/875,DR2 3100 final tweaks
Update,fmt/876,DR2 3100 final tweaks
Update,fmt/877,DR2 3100 final tweaks
Update,fmt/878,DR2 3100 final tweaks
Update,fmt/879,DR2 3100 final tweaks
Update,fmt/880,DR2 3100 final tweaks
Update,fmt/881,DR2 3100 final tweaks
Update,fmt/882,DR2 3100 final tweaks
Update,fmt/883,DR2 3100 final tweaks
Update,fmt/884,DR2 3100 final tweaks
Update,fmt/885,DR2 3100 final tweaks
Update,fmt/886,DR2 3100 final tweaks
Update,fmt/887,DR2 3100 final tweaks
Update,fmt/888,DR2 3100 final tweaks
Update,fmt/889,DR2 3100 final tweaks
Update,fmt/890,DR2 3100 final tweaks
Update,fmt/891,DR2 3100 final tweaks
Update,fmt/892,DR2 3100 final tweaks
Update,fmt/893,DR2 3100 final tweaks
Update,fmt/894,DR2 3100 final tweaks
Update,fmt/895,DR2 3100 final tweaks
Update,fmt/896,DR2 3100 final tweaks
Update,fmt/897,DR2 3100 final tweaks
Update,fmt/898,DR2 3100 final tweaks
Update,fmt/899,DR2 3100 final tweaks
Update,fmt/900,DR2 3100 final tweaks
Update,fmt/901,DR2 3100 final tweaks
Update,fmt/902,DR2 3100 final tweaks
Update,fmt/903,DR2 3100 final tweaks
Update,fmt/904,DR2 3100 final tweaks
Update,fmt/905,DR2 3100 final tweaks
Update,fmt/906,DR2 3100 final tweaks
Update,fmt/907,DR2 3100 final tweaks
Update,fmt/908,DR2 3100 final tweaks
Update,fmt/909,DR2 3100 final tweaks
Update,fmt/910,DR2 3100 final tweaks
Update,fmt/911,DR2 3100 final tweaks
Update,fmt/912,DR2 3100 final tweaks
Update,fmt/913,DR2 3100 final tweaks
Update,fmt/914,DR2 3100 final tweaks
Update,fmt/915,DR2 3100 final tweaks
Update,fmt/916,DR2 3100 final tweaks
Update,fmt/917,DR2 3100 final tweaks
Update,fmt/918,DR2 3100 final tweaks
Update,fmt/919,DR2 3100 final tweaks
Update,fmt/920,DR2 3100 final tweaks
Update,fmt/921,DR2 3100 final tweaks
Update,fmt/922,DR2 3100 final tweaks
Update,fmt/923,DR2 3100 final tweaks
Update,fmt/924,DR2 3100 final tweaks
Update,fmt/925,DR2 3100 final tweaks
Update,fmt/926,DR2 3100 final tweaks
Update,fmt/927,DR2 3100 final tweaks
Update,fmt/928,DR2 3100 final tweaks
Update,fmt/929,DR2 3100 final tweaks
Update,fmt/930,DR2 3100 final tweaks
Update,fmt/931,DR2 3100 final tweaks
Update,fmt/932,DR2 3100 final tweaks
Update,fmt/933,DR2 3100 final tweaks
Update,fmt/934,DR2 3100 final tweaks
Update,fmt/935,DR2 3100 final tweaks
Update,fmt/936,DR2 3100 final tweaks
Update,fmt/937,DR2 3100 final tweaks
Update,fmt/938,DR2 3100 final tweaks
Update,fmt/939,DR2 3100 final tweaks
Update,fmt/940,DR2 3100 final tweaks
Update,fmt/941,DR2 3100 final tweaks
Update,fmt/942,DR2 3100 final tweaks
Update,fmt/943,DR2 3100 final tweaks
Update,fmt/944,DR2 3100 final tweaks
Update,fmt/945,DR2 3100 final tweaks
Update,fmt/946,DR2 3100 final tweaks
Update,fmt/947,DR2 3100 final tweaks
Update,fmt/948,DR2 3100 final tweaks
Update,fmt/949,DR2 3100 final tweaks
Update,fmt/950,DR2 3100 final tweaks
Update,fmt/951,DR2 3100 final tweaks
Update,fmt/952,DR2 3100 final tweaks
Update,fmt/953,DR2 3100 final tweaks
Update,fmt/954,DR2 3100 final tweaks
Update,fmt/955,DR2 3100 final tweaks
Update,fmt/956,DR2 3100 final tweaks
Update,fmt/957,DR2 3100 final tweaks
Update,fmt/958,DR2 3100 final tweaks
Update,fmt/959,DR2 3100 final tweaks
Update,fmt/960,DR2 3100 final tweaks
Update,fmt/961,DR2 3100 final tweaks
Update,fmt/962,DR2 3100 final tweaks
Update,fmt/963,DR2 3100 final tweaks
Update,fmt/964,DR2 3100 final tweaks
Update,fmt/965,DR2 3100 final tweaks
Update,fmt/966,DR2 3100 final tweaks
Update,fmt/967,DR2 3100 final tweaks
Update,fmt/968,DR2 3100 final tweaks
Update,fmt/969,DR2 3100 final tweaks
Update,fmt/970,DR2 3100 final tweaks
Update,fmt/971,DR2 3100 final tweaks
Update,fmt/972,DR2 3100 final tweaks
Update,fmt/973,DR2 3100 final tweaks
Update,fmt/974,DR2 3100 final tweaks
Update,fmt/975,DR2 3100 final tweaks
Update,fmt/976,DR2 3100 final tweaks
Update,fmt/977,DR2 3100 final tweaks
Update,fmt/978,DR2 3100 final tweaks
Update,fmt/979,DR2 3100 final tweaks
Update,fmt/980,DR2 3100 final tweaks
Update,fmt/981,DR2 3100 final tweaks
Update,fmt/982,DR2 3100 final tweaks
Update,fmt/983,DR2 3100 final tweaks
Update,fmt/984,DR2 3100 final tweaks
Update,fmt/985,DR2 3100 final tweaks
Update,fmt/986,DR2 3100 final tweaks
Update,fmt/987,DR2 3100 final tweaks
Update,fmt/988,DR2 3100 final tweaks
Update,fmt/989,DR2 3100 final tweaks
Update,fmt/990,DR2 3100 final tweaks
Update,fmt/991,DR2 3100 final tweaks
Update,fmt/992,DR2 3100 final tweaks
Update,fmt/993,DR2 3100 final tweaks
Update,fmt/994,DR2 3100 final tweaks
Update,fmt/995,DR2 3100 final tweaks
Update,fmt/996,DR2 3100 final tweaks
Update,fmt/997,DR2 3100 final tweaks
Update,fmt/998,DR2 3100 final tweaks
Update,fmt/999,DR2 3100 final tweaks
Update,fmt/1000,DR2 3100 final tweaks
Update,fmt/1001,DR2 3100 final tweaks
Update,fmt/1002,DR2 3100 final tweaks
Update,fmt/1003,DR2 3100 final tweaks
Update,fmt/1004,DR2 3100 final tweaks
Update,fmt/1005,DR2 3100 final tweaks
Update,fmt/1006,DR2 3100 final tweaks
Update,fmt/1007,DR2 3100 final tweaks
Update,fmt/1008,DR2 3100 final tweaks
Update,fmt/1009,DR2 3100 final tweaks
Update,fmt/1010,DR2 3100 final tweaks
Update,fmt/1011,DR2 3100 final tweaks
Update,fmt/1012,DR2 3100 final tweaks
Update,fmt/1013,DR2 3100 final tweaks
Update,fmt/1014,DR2 3100 final tweaks
Update,fmt/1015,DR2 3100 final tweaks
Update,fmt/1016,DR2 3100 final tweaks
Update,fmt/1017,DR2 3100 final tweaks
Update,fmt/1018,DR2 3100 final tweaks
Update,fmt/1019,DR2 3100 final tweaks
Update,fmt/1020,DR2 3100 final tweaks
Update,fmt/1021,DR2 3100 final tweaks
Update,fmt/1022,DR2 3100 final tweaks
Update,fmt/1023,DR2 3100 final tweaks
Update,fmt/1024,DR2 3100 final tweaks
Update,fmt/1025,DR2 3100 final tweaks
Update,fmt/1026,DR2 3100 final tweaks
Update,fmt/1027,DR2 3100 final tweaks
Update,fmt/1028,DR2 3100 final tweaks
Update,fmt/1029,DR2 3100 final tweaks
Update,fmt/1030,DR2 3100 final tweaks
Update,fmt/1031,DR2 3100 final tweaks
Update,fmt/1032,DR2 3100 final tweaks
Update,fmt/1033,DR2 3100 final tweaks
Update,fmt/1034,DR2 3100 final tweaks
Update,fmt/1035,DR2 3100 final tweaks
Update,fmt/1036,DR2 3100 final tweaks
Update,fmt/1037,DR2 3100 final tweaks
Update,fmt/1038,DR2 3100 final tweaks
Update,fmt/1039,DR2 3100 final tweaks
Update,fmt/1040,DR2 3100 final tweaks
Update,fmt/1041,DR2 3100 final tweaks
Update,fmt/1042,DR2 3100 final tweaks
Update,fmt/1043,DR2 3100 final tweaks
Update,fmt/1044,DR2 3100 final tweaks
Update,fmt/1045,DR2 3100 final tweaks
Update,fmt/1046,DR2 3100 final tweaks
Update,fmt/1047,DR2 3100 final tweaks
Update,fmt/1048,DR2 3100 final tweaks
Update,fmt/1049,DR2 3100 final tweaks
Update,fmt/1050,DR2 3100 final tweaks
Update,fmt/1051,DR2 3100 final tweaks
Update,fmt/1052,DR2 3100 final tweaks
Update,fmt/1053,DR2 3100 final tweaks
Update,fmt/1054,DR2 3100 final tweaks
Update,fmt/1055,DR2 3100 final tweaks
Update,fmt/1056,DR2 3100 final tweaks
Update,fmt/1057,DR2 3100 final tweaks
Update,fmt/1058,DR2 3100 final tweaks
Update,fmt/1059,DR2 3100 final tweaks
Update,fmt/1060,DR2 3100 final tweaks
Update,fmt/1061,DR2 3100 final tweaks
Update,fmt/1062,DR2 3100 final tweaks
Update,fmt/1063,DR2 3100 final tweaks
Update,fmt/1064,DR2 3100 final tweaks
Update,fmt/1065,DR2 3100 final tweaks
Update,fmt/1066,DR2 3100 final tweaks
Update,fmt/1067,DR2 3100 final tweaks
Update,fmt/1068,DR2 3100 final tweaks
Update,fmt/1069,DR2 3100 final tweaks
Update,fmt/1070,DR2 3100 final tweaks
Update,fmt/1071,DR2 3100 final tweaks
Update,fmt/1072,DR2 3100 final tweaks
Update,fmt/1073,DR2 3100 final tweaks
Update,fmt/1074,DR2 3100 final tweaks
Update,fmt/1075,DR2 3100 final tweaks
Update,fmt/1076,DR2 3100 final tweaks
Update,fmt/1077,DR2 3100 final tweaks
Update,fmt/1078,DR2 3100 final tweaks
Update,fmt/1079,DR2 3100 final tweaks
Update,fmt/1080,DR2 3100 final tweaks
Update,fmt/1081,DR2 3100 final tweaks
Update,fmt/1082,DR2 3100 final tweaks
Update,fmt/1083,DR2 3100 final tweaks
Update,fmt/1084,DR2 3100 final tweaks
Update,fmt/1085,DR2 3100 final tweaks
Update,fmt/1086,DR2 3100 final tweaks
Update,fmt/1087,DR2 3100 final tweaks
Update,fmt/1088,DR2 3100 final tweaks
Update,fmt/1089,DR2 3100 final tweaks
Update,fmt/1090,DR2 3100 final tweaks
Update,fmt/1091,DR2 3100 final tweaks
Update,fmt/1092,DR2 3100 final tweaks
Update,fmt/1093,DR2 3100 final tweaks
Update,fmt/1094,DR2 3100 final tweaks
Update,fmt/1095,DR2 3100 final tweaks
Update,fmt/1096,DR2 3100 final tweaks
Update,fmt/1097,DR2 3100 final tweaks
Update,fmt/1098,DR2 3100 final tweaks
Update,fmt/1099,DR2 3100 final tweaks
Update,fmt/1100,DR2 3100 final tweaks
Update,fmt/1101,DR2 3100 final tweaks
Update,fmt/1102,DR2 3100 final tweaks
Update,fmt/1103,DR2 3100 final tweaks
Update,fmt/1104,DR2 3100 final tweaks
Update,fmt/1105,DR2 3100 final tweaks
Update,fmt/1106,DR2 3100 final tweaks
Update,fmt/1107,DR2 3100 final tweaks
Update,fmt/1108,DR2 3100 final tweaks
Update,fmt/1109,DR2 3100 final tweaks
Update,fmt/1110,DR2 3100 final tweaks
Update,fmt/1111,DR2 3100 final tweaks
Update,fmt/1112,DR2 3100 final tweaks
Update,fmt/1113,DR2 3100 final tweaks
Update,fmt/1114,DR2 3100 final tweaks
Update,fmt/1115,DR2 3100 final tweaks
Update,fmt/1116,DR2 3100 final tweaks
Update,fmt/1117,DR2 3100 final tweaks
Update,fmt/1118,DR2 3100 final tweaks
Update,fmt/1119,DR2 3100 final tweaks
Update,fmt/1120,DR2 3100 final tweaks
Update,fmt/1121,DR2 3100 final tweaks
Update,fmt/1122,DR2 3100 final tweaks
Update,fmt/1123,DR2 3100 final tweaks
Update,fmt/1124,DR2 3100 final tweaks
Update,fmt/1125,DR2 3100 final tweaks
Update,fmt/1126,DR2 3100 final tweaks
Update,fmt/1127,DR2 3100 final tweaks
Update,fmt/1128,DR2 3100 final tweaks
Update,fmt/1129,DR2 3100 final tweaks
Update,fmt/1130,DR2 3100 final tweaks
Update,fmt/1131,DR2 3100 final tweaks
Update,fmt/1132,DR2 3100 final tweaks
Update,fmt/1133,DR2 3100 final tweaks
Update,fmt/1134,DR2 3100 final tweaks
Update,fmt/1135,DR2 3100 final tweaks
Update,fmt/1136,DR2 3100 final tweaks
Update,fmt/1137,DR2 3100 final tweaks
Update,fmt/1138,DR2 3100 final tweaks
Update,fmt/1139,DR2 3100 final tweaks
Update,fmt/1140,DR2 3100 final tweaks
Update,fmt/1141,DR2 3100 final tweaks
Update,fmt/1142,DR2 3100 final tweaks
Update,fmt/1143,DR2 3100 final tweaks
Update,fmt/1144,DR2 3100 final tweaks
Update,fmt/1145,DR2 3100 final tweaks
Update,fmt/1146,DR2 3100 final tweaks
Update,fmt/1147,DR2 3100 final tweaks
Update,fmt/1148,DR2 3100 final tweaks
Update,fmt/1149,DR2 3100 final tweaks
Update,fmt/1150,DR2 3100 final tweaks
Update,fmt/1151,DR2 3100 final tweaks
Update,fmt/1152,DR2 3100 final tweaks
Update,fmt/1153,DR2 3100 final tweaks
Update,fmt/1154,DR2 3100 final tweaks
Update,fmt/1155,DR2 3100 final tweaks
Update,fmt/1156,DR2 3100 final tweaks
Update,fmt/1157,DR2 3100 final tweaks
Update,fmt/1158,DR2 3100 final tweaks
Update,fmt/1159,DR2 3100 final tweaks
Update,fmt/1160,DR2 3100 final tweaks
Update,fmt/1161,DR2 3100 final tweaks
Update,fmt/1162,DR2 3100 final tweaks
Update,fmt/1163,DR2 3100 final tweaks
Update,fmt/1164,DR2 3100 final tweaks
Update,fmt/1165,DR2 3100 final tweaks
Update,fmt/1166,DR2 3100 final tweaks
Update,fmt/1167,DR2 3100 final tweaks
Update,fmt/1168,DR2 3100 final tweaks
Update,fmt/1169,DR2 3100 final tweaks
Update,fmt/1170,DR2 3100 final tweaks
Update,fmt/1171,DR2 3100 final tweaks
Update,fmt/1172,DR2 3100 final tweaks
Update,fmt/1173,DR2 3100 final tweaks
Update,fmt/1174,DR2 3100 final tweaks
Update,fmt/1175,DR2 3100 final tweaks
Update,fmt/1176,DR2 3100 final tweaks
Update,fmt/1177,DR2 3100 final tweaks
Update,fmt/1178,DR2 3100 final tweaks
Update,fmt/1179,DR2 3100 final tweaks
Update,fmt/1180,DR2 3100 final tweaks
Update,fmt/1181,DR2 3100 final tweaks
Update,fmt/1182,DR2 3100 final tweaks
Update,fmt/1183,DR2 3100 final tweaks
Update,fmt/1184,DR2 3100 final tweaks
Update,fmt/1185,DR2 3100 final tweaks
Update,fmt/1186,DR2 3100 final tweaks
Update,fmt/1187,DR2 3100 final tweaks
Update,fmt/1188,DR2 3100 final tweaks
Update,fmt/1189,DR2 3100 final tweaks
Update,fmt/1190,DR2 3100 final tweaks
Update,fmt/1191,DR2 3100 final tweaks
Update,fmt/1192,DR2 3100 final tweaks
Update,fmt/1193,DR2 3100 final tweaks
Update,fmt/1194,DR2 3100 final tweaks
Update,fmt/1195,DR2 3100 final tweaks
Update,fmt/1196,DR2 3100 final tweaks
Update,fmt/1197,DR2 3100 final tweaks
Update,fmt/1198,DR2 3100 final tweaks
Update,fmt/1199,DR2 3100 final tweaks
Update,fmt/1200,DR2 3100 final tweaks
Update,fmt/1201,DR2 3100 final tweaks
Update,fmt/1202,DR2 3100 final tweaks
Update,fmt/1203,DR2 3100 final tweaks
Update,fmt/1204,DR2 3100 final tweaks
Update,fmt/1205,DR2 3100 final tweaks
Update,fmt/1206,DR2 3100 final tweaks
Update,fmt/1207,DR2 3100 final tweaks
Update,fmt/1208,DR2 3100 final tweaks
Update,fmt/1209,DR2 3100 final tweaks
Update,fmt/1210,DR2 3100 final tweaks
Update,fmt/1211,DR2 3100 final tweaks
Update,fmt/1212,DR2 3100 final tweaks
Update,fmt/1213,DR2 3100 final tweaks
Update,fmt/1214,DR2 3100 final tweaks
Update,fmt/1215,DR2 3100 final tweaks
Update,fmt/1216,DR2 3100 final tweaks
Update,fmt/1217,DR2 3100 final tweaks
Update,fmt/1218,DR2 3100 final tweaks
Update,fmt/1219,DR2 3100 final tweaks
Update,fmt/1220,DR2 3100 final tweaks
Update,fmt/1221,DR2 3100 final tweaks
Update,fmt/1222,DR2 3100 final tweaks
Update,fmt/1223,DR2 3100 final tweaks
Update,fmt/1224,DR2 3100 final tweaks
Update,fmt/1225,DR2 3100 final tweaks
Update,fmt/1226,DR2 3100 final tweaks
Update,fmt/1227,DR2 3100 final tweaks
Update,fmt/1228,DR2 3100 final tweaks
Update,fmt/1229,DR2 3100 final tweaks
Update,fmt/1230,DR2 3100 final tweaks
Update,fmt/1231,DR2 3100 final tweaks
Update,fmt/1232,DR2 3100 final tweaks
Update,fmt/1233,DR2 3100 final tweaks
Update,fmt/1234,DR2 3100 final tweaks
Update,fmt/1235,DR2 3100 final tweaks
Update,fmt/1236,DR2 3100 final tweaks
Update,fmt/1237,DR2 3100 final tweaks
Update,fmt/1238,DR2 3100 final tweaks
Update,fmt/1239,DR2 3100 final tweaks
Update,fmt/1240,DR2 3100 final tweaks
Update,fmt/1241,DR2 3100 final tweaks
Update,fmt/1242,DR2 3100 final tweaks
Update,fmt/1243,DR2 3100 final tweaks
Update,fmt/1244,DR2 3100 final tweaks
Update,fmt/1245,DR2 3100 final tweaks
Update,fmt/1246,DR2 3100 final tweaks
Update,fmt/1247,DR2 3100 final tweaks
Update,fmt/1248,DR2 3100 final tweaks
Update,fmt/1249,DR2 3100 final tweaks
Update,fmt/1250,DR2 3100 final tweaks
Update,fmt/1251,DR2 3100 final tweaks
Update,fmt/1252,DR2 3100 final tweaks
Update,fmt/1253,DR2 3100 final tweaks
Update,fmt/1254,DR2 3100 final tweaks
Update,fmt/1255,DR2 3100 final tweaks
Update,fmt/1256,DR2 3100 final tweaks
Update,fmt/1257,DR2 3100 final tweaks
Update,fmt/1258,DR2 3100 final tweaks
Update,fmt/1259,DR2 3100 final tweaks
Update,fmt/1260,DR2 3100 final tweaks
Update,fmt/1261,DR2 3100 final tweaks
Update,fmt/1262,DR2 3100 final tweaks
Update,fmt/1263,DR2 3100 final tweaks
Update,fmt/1264,DR2 3100 final tweaks
Update,fmt/1265,DR2 3100 final tweaks
Update,fmt/1266,DR2 3100 final tweaks
Update,fmt/1267,DR2 3100 final tweaks
Update,fmt/1268,DR2 3100 final tweaks
Update,fmt/1269,DR2 3100 final tweaks
Update,fmt/1270,DR2 3100 final tweaks
Update,fmt/1271,DR2 3100 final tweaks
Update,fmt/1272,DR2 3100 final tweaks
Update,fmt/1273,DR2 3100 final tweaks
Update,fmt/1274,DR2 3100 final tweaks
Update,fmt/1275,DR2 3100 final tweaks
Update,fmt/1276,DR2 3100 final tweaks
Update,fmt/1277,DR2 3100 final tweaks
Update,fmt/1278,DR2 3100 final tweaks
Update,fmt/1279,DR2 3100 final tweaks
Update,fmt/1280,DR2 3100 final tweaks
Update,fmt/1281,DR2 3100 final tweaks
Update,fmt/1282,DR2 3100 final tweaks
Update,fmt/1283,DR2 3100 final tweaks
Update,fmt/1284,DR2 3100 final tweaks
Update,fmt/1285,DR2 3100 final tweaks
Update,fmt/1286,DR2 3100 final tweaks
Update,fmt/1287,DR2 3100 final tweaks
Update,fmt/1288,DR2 3100 final tweaks
Update,fmt/1289,DR2 3100 final tweaks
Update,fmt/1290,DR2 3100 final tweaks
Update,fmt/1291,DR2 3100 final tweaks
Update,fmt/1292,DR2 3100 final tweaks
Update,fmt/1293,DR2 3100 final tweaks
Update,fmt/1294,DR2 3100 final tweaks
Update,fmt/1295,DR2 3100 final tweaks
Update,fmt/1296,DR2 3100 final tweaks
Update,fmt/1297,DR2 3100 final tweaks
Update,fmt/1298,DR2 3100 final tweaks
Update,fmt/1299,DR2 3100 final tweaks
Update,fmt/1300,DR2 3100 final tweaks
Update,fmt/1301,DR2 3100 final tweaks
Update,fmt/1302,DR2 3100 final tweaks
Update,fmt/1303,DR2 3100 final tweaks
Update,fmt/1304,DR2 3100 final tweaks
Update,fmt/1305,DR2 3100 final tweaks
Update,fmt/1306,DR2 3100 final tweaks
Update,fmt/1307,DR2 3100 final tweaks
Update,fmt/1308,DR2 3100 final tweaks
Update,fmt/1309,DR2 3100 final tweaks
Update,fmt/1310,DR2 3100 final tweaks
Update,fmt/1311,DR2 3100 final tweaks
Update,fmt/1312,DR2 3100 final tweaks
Update,fmt/1313,DR2 3100 final tweaks
Update,fmt/1314,DR2 3100 final tweaks
Update,fmt/1315,DR2 3100 final tweaks
Update,fmt/1316,DR2 3100 final tweaks
Update,fmt/1317,DR2 3100 final tweaks
Update,fmt/1318,DR2 3100 final tweaks
Update,fmt/1319,DR2 3100 final tweaks
Update,fmt/1320,DR2 3100 final tweaks
Update,fmt/1321,DR2 3100 final tweaks
Update,fmt/1322,DR2 3100 final tweaks
Update,fmt/1323,DR2 3100 final tweaks
Update,fmt/1324,DR2 3100 final tweaks
Update,fmt/1325,DR2 3100 final tweaks
Update,fmt/1326,DR2 3100 final tweaks
Update,fmt/1327,DR2 3100 final tweaks
Update,fmt/1328,DR2 3100 final tweaks
Update,fmt/1329,DR2 3100 final tweaks
Update,fmt/1330,DR2 3100 final tweaks
Update,fmt/1331,DR2 3100 final tweaks
Update,fmt/1332,DR2 3100 final tweaks
Update,fmt/1333,DR2 3100 final tweaks
Update,fmt/1334,DR2 3100 final tweaks
Update,fmt/1335,DR2 3100 final tweaks
Update,fmt/1336,DR2 3100 final tweaks
Update,fmt/1337,DR2 3100 final tweaks
Update,fmt/1338,DR2 3100 final tweaks
Update,fmt/1339,DR2 3100 final tweaks
Update,fmt/1340,DR2 3100 final tweaks
Update,fmt/1341,DR2 3100 final tweaks
Update,fmt/1342,DR2 3100 final tweaks
Update,fmt/1343,DR2 3100 final tweaks
Update,fmt/1344,DR2 3100 final tweaks
Update,fmt/1345,DR2 3100 final tweaks
Update,fmt/1346,DR2 3100 final tweaks
Update,fmt/1347,DR2 3100 final tweaks
Update,fmt/1348,DR2 3100 final tweaks
Update,fmt/1349,DR2 3100 final tweaks
Update,fmt/1350,DR2 3100 final tweaks
Update,fmt/1351,DR2 3100 final tweaks
Update,fmt/1352,DR2 3100 final tweaks
Update,fmt/1353,DR2 3100 final tweaks
Update,fmt/1354,DR2 3100 final tweaks
Update,fmt/1355,DR2 3100 final tweaks
Update,fmt/1356,DR2 3100 final tweaks
Update,fmt/1357,DR2 3100 final tweaks
Update,fmt/1358,DR2 3100 final tweaks
Update,fmt/1359,DR2 3100 final tweaks
Update,fmt/1360,DR2 3100 final tweaks
Update,fmt/1361,DR2 3100 final tweaks
Update,fmt/1362,DR2 3100 final tweaks
Update,fmt/1363,DR2 3100 final tweaks
Update,fmt/1364,DR2 3100 final tweaks
Update,fmt/1365,DR2 3100 final tweaks
Update,fmt/1366,DR2 3100 final tweaks
Update,fmt/1367,DR2 3100 final tweaks
Update,fmt/1368,DR2 3100 final tweaks
Update,fmt/1369,DR2 3100 final tweaks
Update,fmt/1370,DR2 3100 final tweaks
Update,fmt/1371,DR2 3100 final tweaks
Update,fmt/1372,DR2 3100 final tweaks
Update,fmt/1373,DR2 3100 final tweaks
Update,fmt/1374,DR2 3100 final tweaks
Update,fmt/1375,DR2 3100 final tweaks
Update,fmt/1376,DR2 3100 final tweaks
Update,fmt/1377,DR2 3100 final tweaks
Update,fmt/1378,DR2 3100 final tweaks
Update,fmt/1379,DR2 3100 final tweaks
Update,fmt/1380,DR2 3100 final tweaks
Update,fmt/1381,DR2 3100 final tweaks
Update,fmt/1382,DR2 3100 final tweaks
Update,fmt/1383,DR2 3100 final tweaks
Update,fmt/1384,DR2 3100 final tweaks
Update,fmt/1385,DR2 3100 final tweaks
Update,fmt/1386,DR2 3100 final tweaks
Update,fmt/1387,DR2 3100 final tweaks
Update,fmt/1388,DR2 3100 final tweaks
Update,fmt/1389,DR2 3100 final tweaks
Update,fmt/1390,DR2 3100 final tweaks
Update,fmt/1391,DR2 3100 final tweaks
Update,fmt/1392,DR2 3100 final tweaks
Update,fmt/1393,DR2 3100 final tweaks
Update,fmt/1394,DR2 3100 final tweaks
Update,fmt/1395,DR2 3100 final tweaks
Update,fmt/1396,DR2 3100 final tweaks
Update,fmt/1397,DR2 3100 final tweaks
Update,fmt/1398,DR2 3100 final tweaks
Update,fmt/1399,DR2 3100 final tweaks
Update,fmt/1400,DR2 3100 final tweaks
Update,fmt/1401,DR2 3100 final tweaks
Update,fmt/1402,DR2 3100 final tweaks
Update,fmt/1403,DR2 3100 final tweaks
Update,fmt/1404,DR2 3100 final tweaks
Update,fmt/1405,DR2 3100 final tweaks
Update,fmt/1406,DR2 3100 final tweaks
Update,fmt/1407,DR2 3100 final tweaks
Update,fmt/1408,DR2 3100 final tweaks
Update,fmt/1409,DR2 3100 final tweaks
Update,fmt/1410,DR2 3100 final tweaks
Update,fmt/1411,DR2 3100 final tweaks
Update,fmt/1412,DR2 3100 final tweaks
Update,fmt/1413,DR2 3100 final tweaks
Update,fmt/1414,DR2 3100 final tweaks
Update,fmt/1415,DR2 3100 final tweaks
Update,fmt/1416,DR2 3100 final tweaks
Update,fmt/1417,DR2 3100 final tweaks
Update,fmt/1418,DR2 3100 final tweaks
Update,fmt/1419,DR2 3100 final tweaks
Update,fmt/1420,DR2 3100 final tweaks
Update,fmt/1421,DR2 3100 final tweaks
Update,fmt/1422,DR2 3100 final tweaks
Update,fmt/1423,DR2 3100 final tweaks
Update,fmt/1424,DR2 3100 final tweaks
Update,fmt/1425,DR2 3100 final tweaks
Update,fmt/1426,DR2 3100 final tweaks
Update,fmt/1427,DR2 3100 final tweaks
Update,fmt/1428,DR2 3100 final tweaks
Update,fmt/1429,DR2 3100 final tweaks
Update,fmt/1430,DR2 3100 final tweaks
Update,fmt/1431,DR2 3100 final tweaks
Update,fmt/1432,DR2 3100 final tweaks
Update,fmt/1433,DR2 3100 final tweaks
Update,fmt/1434,DR2 3100 final tweaks
Update,fmt/1435,DR2 3100 final tweaks
Update,fmt/1436,DR2 3100 final tweaks
Update,fmt/1437,DR2 3100 final tweaks
Update,fmt/1438,DR2 3100 final tweaks
Update,fmt/1439,DR2 3100 final tweaks
Update,fmt/1440,DR2 3100 final tweaks
Update,fmt/1441,DR2 3100 final tweaks
Update,fmt/1442,DR2 3100 final tweaks
Update,fmt/1443,DR2 3100 final tweaks
Update,fmt/1444,DR2 3100 final tweaks
Update,fmt/1445,DR2 3100 final tweaks
Update,fmt/1446,DR2 3100 final tweaks
Update,fmt/1447,DR2 3100 final tweaks
Update,fmt/1448,DR2 3100 final tweaks
Update,fmt/1449,DR2 3100 final tweaks
Update,fmt/1450,DR2 3100 final tweaks
Update,fmt/1451,DR2 3100 final tweaks
Update,fmt/1452,DR2 3100 final tweaks
Update,fmt/1453,DR2 3100 final tweaks
Update,fmt/1454,DR2 3100 final tweaks
Update,fmt/1455,DR2 3100 final tweaks
Update,fmt/1456,DR2 3100 final tweaks
Update,fmt/1457,DR2 3100 final tweaks
Update,fmt/1458,DR2 3100 final tweaks
Update,fmt/1459,DR2 3100 final tweaks
Update,fmt/1460,DR2 3100 final tweaks
Update,fmt/1461,DR2 3100 final tweaks
Update,fmt/1462,DR2 3100 final tweaks
Update,fmt/1463,DR2 3100 final tweaks
Update,fmt/1464,DR2 3100 final tweaks
Update,fmt/1465,DR2 3100 final tweaks
Update,fmt/1466,DR2 3100 final tweaks
Update,fmt/1467,DR2 3100 final tweaks
Update,fmt/1468,DR2 3100 final tweaks
Update,fmt/1469,DR2 3100 final tweaks
Update,fmt/1470,DR2 3100 final tweaks
Update,fmt/1471,DR2 3100 final tweaks
Update,fmt/1472,DR2 3100 final tweaks
Update,fmt/1473,DR2 3100 final tweaks
Update,fmt/1474,DR2 3100 final tweaks
Update,fmt/1475,DR2 3100 final tweaks
Update,fmt/1476,DR2 3100 final tweaks
Update,fmt/1477,DR2 3100 final tweaks
Update,fmt/1478,DR2 3100 final tweaks
Update,fmt/1479,DR2 3100 final tweaks
Update,fmt/1480,DR2 3100 final tweaks
Update,fmt/1481,DR2 3100 final tweaks
Update,fmt/1482,DR2 3100 final tweaks
Update,fmt/1483,DR2 3100 final tweaks
Update,fmt/1484,DR2 3100 final tweaks
Update,fmt/1485,DR2 3100 final tweaks
Update,fmt/1486,DR2 3100 final tweaks
Update,fmt/1487,DR2 3100 final tweaks
Update,fmt/1488,DR2 3100 final tweaks
Update,fmt/1489,DR2 3100 final tweaks
Update,fmt/1490,DR2 3100 final tweaks
Update,fmt/1491,DR2 3100 final tweaks
Update,fmt/1492,DR2 3100 final tweaks
Update,fmt/1493,DR2 3100 final tweaks
Update,fmt/1494,DR2 3100 final tweaks
Update,fmt/1495,DR2 3100 final tweaks
Update,fmt/1496,DR2 3100 final tweaks
Update,fmt/1497,DR2 3100 final tweaks
Update,fmt/1498,DR2 3100 final tweaks
Update,fmt/1499,DR2 3100 final tweaks
Update,fmt/1500,DR2 3100 final tweaks
Update,fmt/1501,DR2 3100 final tweaks
Update,fmt/1502,DR2 3100 final tweaks
Update,fmt/1503,DR2 3100 final tweaks
Update,fmt/1504,DR2 3100 final tweaks
Update,fmt/1505,DR2 3100 final tweaks
Update,fmt/1506,DR2 3100 final tweaks
Update,fmt/1507,DR2 3100 final tweaks
Update,fmt/1508,DR2 3100 final tweaks
Update,fmt/1509,DR2 3100 final tweaks
Update,fmt/1510,DR2 3100 final tweaks
Update,fmt/1511,DR2 3100 final tweaks
Update,fmt/1512,DR2 3100 final tweaks
Update,fmt/1513,DR2 3100 final tweaks
Update,fmt/1514,DR2 3100 final tweaks
Update,fmt/1515,DR2 3100 final tweaks
Update,fmt/1516,DR2 3100 final tweaks
Update,fmt/1517,DR2 3100 final tweaks
Update,fmt/1518,DR2 3100 final tweaks
Update,fmt/1519,DR2 3100 final tweaks
Update,fmt/1520,DR2 3100 final tweaks
Update,fmt/1521,DR2 3100 final tweaks
Update,fmt/1522,DR2 3100 final tweaks
Update,fmt/1523,DR2 3100 final tweaks
Update,fmt/1524,DR2 3100 final tweaks
Update,fmt/1525,DR2 3100 final tweaks
Update,fmt/1526,DR2 3100 final tweaks
Update,fmt/1527,DR2 3100 final tweaks
Update,fmt/1528,DR2 3100 final tweaks
Update,fmt/1529,DR2 3100 final tweaks
Update,fmt/1530,DR2 3100 final tweaks
Update,fmt/1531,DR2 3100 final tweaks
Update,fmt/1532,DR2 3100 final tweaks
Update,fmt/1533,DR2 3100 final tweaks
Update,fmt/1534,DR2 3100 final tweaks
Update,fmt/1535,DR2 3100 final tweaks
Update,fmt/1536,DR2 3100 final tweaks
Update,fmt/1537,DR2 3100 final tweaks
Update,fmt/1538,DR2 3100 final tweaks
Update,fmt/1539,DR2 3100 final tweaks
Update,fmt/1540,DR2 3100 final tweaks
Update,fmt/1541,DR2 3100 final tweaks
Update,fmt/1542,DR2 3100 final tweaks
Update,fmt/1543,DR2 3100 final tweaks
Update,fmt/1544,DR2 3100 final tweaks
Update,fmt/1545,DR2 3100 final tweaks
Update,fmt/1546,DR2 3100 final tweaks
Update,fmt/1547,DR2 3100 final tweaks
Update,fmt/1548,DR2 3100 final tweaks
Update,fmt/1549,DR2 3100 final tweaks
Update,fmt/1550,DR2 3100 final tweaks
Update,fmt/1551,DR2 3100 final tweaks
Update,fmt/1552,DR2 3100 final tweaks
Update,fmt/1553,DR2 3100 final tweaks
Update,fmt/1554,DR2 3100 final tweaks
Update,fmt/1555,DR2 3100 final tweaks
Update,fmt/1556,DR2 3100 final tweaks
Update,fmt/1557,DR2 3100 final tweaks
Update,fmt/1558,DR2 3100 final tweaks
Update,fmt/1559,DR2 3100 final tweaks
Update,fmt/1560,DR2 3100 final tweaks
Update,fmt/1561,DR2 3100 final tweaks
Update,fmt/1562,DR2 3100 final tweaks
Update,fmt/1563,DR2 3100 final tweaks
Update,fmt/1564,DR2 3100 final tweaks
Update,fmt/1565,DR2 3100 final tweaks
Update,fmt/1566,DR2 3100 final tweaks
Update,fmt/1567,DR2 3100 final tweaks
Update,fmt/1568,DR2 3100 final tweaks
Update,fmt/1569,DR2 3100 final tweaks
Update,fmt/1570,DR2 3100 final tweaks
Update,fmt/1571,DR2 3100 final tweaks
Update,fmt/1572,DR2 3100 final tweaks
Update,fmt/1573,DR2 3100 final tweaks
Update,fmt/1574,DR2 3100 final tweaks
Update,fmt/1575,DR2 3100 final tweaks
Update,fmt/1576,DR2 3100 final tweaks
Update,fmt/1577,DR2 3100 final tweaks
Update,fmt/1578,DR2 3100 final tweaks
Update,fmt/1579,DR2 3100 final tweaks
Update,fmt/1580,DR2 3100 final tweaks
Update,fmt/1581,DR2 3100 final tweaks
Update,fmt/1582,DR2 3100 final tweaks
Update,fmt/1583,DR2 3100 final tweaks
Update,fmt/1584,DR2 3100 final tweaks
Update,fmt/1585,DR2 3100 final tweaks
Update,fmt/1586,DR2 3100 final tweaks
Update,fmt/1587,DR2 3100 final tweaks
Update,fmt/1588,DR2 3100 final tweaks
Update,fmt/1589,DR2 3100 final tweaks
Update,fmt/1590,DR2 3100 final tweaks
Update,fmt/1591,DR2 3100 final tweaks
Update,fmt/1592,DR2 3100 final tweaks
Update,fmt/1593,DR2 3100 final tweaks
Update,fmt/1594,DR2 3100 final tweaks
Update,fmt/1595,DR2 3100 final tweaks
Update,fmt/1596,DR2 3100 final tweaks
Update,fmt/1597,DR2 3100 final tweaks
Update,fmt/1598,DR2 3100 final tweaks
Update,fmt/1599,DR2 3100 final tweaks
Update,fmt/1600,DR2 3100 final tweaks
Update,fmt/1601,DR2 3100 final tweaks
Update,fmt/1602,DR2 3100 final tweaks
Update,fmt/1603,DR2 3100 final tweaks
Update,fmt/1604,DR2 3100 final tweaks
Update,fmt/1605,DR2 3100 final tweaks
Update,fmt/1606,DR2 3100 final tweaks
Update,fmt/1607,DR2 3100 final tweaks
Update,fmt/1608,DR2 3100 final tweaks
Update,fmt/1609,DR2 3100 final tweaks
Update,fmt/1610,DR2 3100 final tweaks
Update,fmt/1611,DR2 3100 final tweaks
Update,fmt/1612,DR2 3100 final tweaks
Update,fmt/1613,DR2 3100 final tweaks
Update,fmt/1614,DR2 3100 final tweaks
Update,fmt/1615,DR2 3100 final tweaks
Update,fmt/1616,DR2 3100 final tweaks
Update,fmt/1617,DR2 3100 final tweaks
Update,fmt/1618,DR2 3100 final tweaks
Update,fmt/1619,DR2 3100 final tweaks
Update,fmt/1620,DR2 3100 final tweaks
Update,fmt/1621,DR2 3100 final tweaks
Update,fmt/1622,DR2 3100 final tweaks
Update,fmt/1623,DR2 3100 final tweaks
Update,fmt/1624,DR2 3100 final tweaks
Update,fmt/1625,DR2 3100 final tweaks
Update,fmt/1626,DR2 3100 final tweaks
Update,fmt/1627,DR2 3100 final tweaks
Update,fmt/1628,DR2 3100 final tweaks
Update,fmt/1629,DR2 3100 final tweaks
Update,fmt/1630,DR2 3100 final tweaks
Update,fmt/1631,DR2 3100 final tweaks
Update,fmt/1632,DR2 3100 final tweaks
Update,fmt/1633,DR2 3100 final tweaks
Update,fmt/1634,DR2 3100 final tweaks
Update,fmt/1635,DR2 3100 final tweaks
Update,fmt/1636,DR2 3100 final tweaks
Update,fmt/1637,DR2 3100 final tweaks
Update,fmt/1638,DR2 3100 final tweaks
Update,fmt/1639,DR2 3100 final tweaks
Update,fmt/1640,DR2 3100 final tweaks
Update,fmt/1641,DR2 3100 final tweaks
Update,fmt/1642,DR2 3100 final tweaks
Update,fmt/1643,DR2 3100 final tweaks
Update,fmt/1644,DR2 3100 final tweaks
Update,fmt/1645,DR2 3100 final tweaks
Update,fmt/1646,DR2 3100 final tweaks
Update,fmt/1647,DR2 3100 final tweaks
Update,fmt/1648,DR2 3100 final tweaks
Update,fmt/1649,DR2 3100 final tweaks
Update,fmt/1650,DR2 3100 final tweaks
Update,fmt/1651,DR2 3100 final tweaks
Update,fmt/1652,DR2 3100 final tweaks
Update,fmt/1653,DR2 3100 final tweaks
Update,fmt/1654,DR2 3100 final tweaks
Update,fmt/1655,DR2 3100 final tweaks
Update,fmt/1656,DR2 3100 final tweaks
Update,fmt/1657,DR2 3100 final tweaks
Update,fmt/1658,DR2 3100 final tweaks
Update,fmt/1659,DR2 3100 final tweaks
Update,fmt/1660,DR2 3100 final tweaks
Update,fmt/1661,DR2 3100 final tweaks
Update,fmt/1662,DR2 3100 final tweaks
Update,fmt/1663,DR2 3100 final tweaks
Update,fmt/1664,DR2 3100 final tweaks
Update,fmt/1665,DR2 3100 final tweaks
Update,fmt/1666,DR2 3100 final tweaks
Update,fmt/1667,DR2 3100 final tweaks
Update,fmt/1668,DR2 3100 final tweaks
Update,fmt/1669,DR2 3100 final tweaks
Update,fmt/1670,DR2 3100 final tweaks
Update,fmt/1671,DR2 3100 final tweaks
Update,fmt/1672,DR2 3100 final tweaks
Update,fmt/1673,DR2 3100 final tweaks
Update,fmt/1674,DR2 3100 final tweaks
Update,fmt/1675,DR2 3100 final tweaks
Update,fmt/1676,DR2 3100 final tweaks
Update,fmt/1677,DR2 3100 final tweaks
Update,fmt/1678,DR2 3100 final tweaks
Update,fmt/1679,DR2 3100 final tweaks
Update,fmt/1680,DR2 3100 final tweaks
Update,fmt/1681,DR2 3100 final tweaks
Update,fmt/1682,DR2 3100 final tweaks
Update,fmt/1683,DR2 3100 final tweaks
Update,fmt/1684,DR2 3100 final tweaks
Update,fmt/1685,DR2 3100 final tweaks
Update,fmt/1686,DR2 3100 final tweaks
Update,fmt/1687,DR2 3100 final tweaks
Update,fmt/1688,DR2 3100 final tweaks
Update,fmt/1689,DR2 3100 final tweaks
Update,fmt/1690,DR2 3100 final tweaks
Update,fmt/1691,DR2 3100 final tweaks
Update,fmt/1692,DR2 3100 final tweaks
Update,fmt/1693,DR2 3100 final tweaks
Update,fmt/1694,DR2 3100 final tweaks
Update,fmt/1695,DR2 3100 final tweaks
Update,fmt/1696,DR2 3100 final tweaks
Update,fmt/1697,DR2 3100 final tweaks
Update,fmt/1698,DR2 3100 final tweaks
Update,fmt/1699,DR2 3100 final tweaks
Update,fmt/1700,DR2 3100 final tweaks
Update,fmt/1701,DR2 3100 final tweaks
Update,fmt/1702,DR2 3100 final tweaks
Update,fmt/1703,DR2 3100 final tweaks
Update,fmt/1704,DR2 3100 final tweaks
Update,fmt/1705,DR2 3100 final tweaks
Update,fmt/1706,DR2 3100 final tweaks
Update,fmt/1707,DR2 3100 final tweaks
Update,fmt/1708,DR2 3100 final tweaks
Update,fmt/1709,DR2 3100 final tweaks
Update,fmt/1710,DR2 3100 final tweaks
Update,fmt/1711,DR2 3100 final tweaks
Update,fmt/1712,DR2 3100 final tweaks
Update,fmt/1713,DR2 3100 final tweaks
Update,fmt/1714,DR2 3100 final tweaks
Update,fmt/1715,DR2 3100 final tweaks
Update,fmt/1716,DR2 3100 final tweaks
Update,fmt/1717,DR2 3100 final tweaks
Update,fmt/1718,DR2 3100 final tweaks
Update,fmt/1719,DR2 3100 final tweaks
Update,fmt/1720,DR2 3100 final tweaks
Update,fmt/1721,DR2 3100 final tweaks
Update,fmt/1722,DR2 3100 final tweaks
Update,fmt/1723,DR2 3100 final tweaks
Update,fmt/1724,DR2 3100 final tweaks
Update,fmt/1725,DR2 3100 final tweaks
Update,fmt/1726,DR2 3100 final tweaks
Update,fmt/1727,DR2 3100 final tweaks
Update,fmt/1728,DR2 3100 final tweaks
Update,fmt/1729,DR2 3100 final tweaks
Update,fmt/1730,DR2 3100 final tweaks
Update,fmt/1731,DR2 3100 final tweaks
Update,fmt/1732,DR2 3100 final tweaks
Update,fmt/1733,DR2 3100 final tweaks
Update,fmt/1734,DR2 3100 final tweaks
Update,fmt/1735,DR2 3100 final tweaks
Update,fmt/1736,DR2 3100 final tweaks
Update,fmt/1737,DR2 3100 final tweaks
Update,fmt/1738,DR2 3100 final tweaks
Update,fmt/1739,DR2 3100 final tweaks
Update,fmt/1740,DR2 3100 final tweaks
Update,fmt/1741,DR2 3100 final tweaks
Update,fmt/1742,DR2 3100 final tweaks
Update,fmt/1743,DR2 3100 final tweaks
Update,fmt/1744,DR2 3100 final tweaks
Update,fmt/1745,DR2 3100 final tweaks
Update,fmt/1746,DR2 3100 final tweaks
Update,fmt/1747,DR2 3100 final tweaks
Update,fmt/1748,DR2 3100 final tweaks
Update,fmt/1749,DR2 3100 final tweaks
Update,fmt/1750,DR2 3100 final tweaks
Update,fmt/1751,DR2 3100 final tweaks
Update,fmt/1752,DR2 3100 final tweaks
Update,fmt/1753,DR2 3100 final tweaks
Update,fmt/1754,DR2 3100 final tweaks
Update,fmt/1755,DR2 3100 final tweaks
Update,fmt/1756,DR2 3100 final tweaks
Update,fmt/1757,DR2 3100 final tweaks
Update,fmt/1758,DR2 3100 final tweaks
Update,fmt/1759,DR2 3100 final tweaks
Update,fmt/1760,DR2 3100 final tweaks
Update,fmt/1761,DR2 3100 final tweaks
Update,fmt/1762,DR2 3100 final tweaks
Update,fmt/1763,DR2 3100 final tweaks
Update,fmt/1764,DR2 3100 final tweaks
Update,fmt/1765,DR2 3100 final tweaks
Update,fmt/1766,DR2 3100 final tweaks
Update,fmt/1767,DR2 3100 final tweaks
Update,fmt/1768,DR2 3100 final tweaks
Update,fmt/1769,DR2 3100 final tweaks
Update,fmt/1770,DR2 3100 final tweaks
Update,fmt/1771,DR2 3100 final tweaks
Update,fmt/1772,DR2 3100 final tweaks
Update,fmt/1773,DR2 3100 final tweaks
Update,fmt/1774,DR2 3100 final tweaks
Update,fmt/1775,DR2 3100 final tweaks
Update,fmt/1776,DR2 3100 final tweaks
Update,fmt/1777,DR2 3100 final tweaks
Update,fmt/1778,DR2 3100 final tweaks
Update,fmt/1779,DR2 3100 final tweaks
Update,fmt/1780,DR2 3100 final tweaks
Update,fmt/1781,DR2 3100 final tweaks
Update,fmt/1782,DR2 3100 final tweaks
Update,fmt/1783,DR2 3100 final tweaks
Update,fmt/1784,DR2 3100 final tweaks
Update,fmt/1785,DR2 3100 final tweaks
Update,fmt/1786,DR2 3100 final tweaks
Update,fmt/1787,DR2 3100 final tweaks
Update,fmt/1788,DR2 3100 final tweaks
Update,fmt/1789,DR2 3100 final tweaks
Update,fmt/1790,DR2 3100 final tweaks
Update,fmt/1791,DR2 3100 final tweaks
Update,fmt/1792,DR2 3100 final tweaks
Update,fmt/1793,DR2 3100 final tweaks
Update,fmt/1794,DR2 3100 final tweaks
Update,fmt/1795,DR2 3100 final tweaks
Update,fmt/1796,DR2 3100 final tweaks
Update,fmt/1797,DR2 3100 final tweaks
Update,fmt/1798,DR2 3100 final tweaks
Update,fmt/1799,DR2 3100 final tweaks
Update,fmt/1800,DR2 3100 final tweaks
Update,fmt/1801,DR2 3100 final tweaks
Update,fmt/1802,DR2 3100 final tweaks
Update,fmt/1803,DR2 3100 final tweaks
Update,fmt/1804,DR2 3100 final tweaks
Update,fmt/1805,DR2 3100 final tweaks
Update,fmt/1806,DR2 3100 final tweaks
Update,fmt/1807,DR2 3100 final tweaks
Update,fmt/1808,DR2 3100 final tweaks
Update,fmt/1809,DR2 3100 final tweaks
Update,fmt/1810,DR2 3100 final tweaks
Update,fmt/1811,DR2 3100 final tweaks
Update,fmt/1812,DR2 3100 final tweaks
Update,fmt/1813,DR2 3100 final tweaks
Update,fmt/1814,DR2 3100 final tweaks
Update,fmt/1815,DR2 3100 final tweaks
Update,fmt/1816,DR2 3100 final tweaks
Update,fmt/1817,DR2 3100 final tweaks
Update,fmt/1818,DR2 3100 final tweaks
Update,fmt/1819,DR2 3100 final tweaks
Update,fmt/1820,DR2 3100 final tweaks
Update,fmt/1821,DR2 3100 final tweaks
Update,fmt/1822,DR2 3100 final tweaks
Update,fmt/1823,DR2 3100 final tweaks
Update,fmt/1824,DR2 3100 final tweaks
Update,fmt/1825,DR2 3100 final tweaks
Update,fmt/1826,DR2 3100 final tweaks
Update,fmt/1827,DR2 3100 final tweaks
Update,fmt/1828,DR2 3100 final tweaks
Update,fmt/1829,DR2 3100 final tweaks
Update,fmt/1830,DR2 3100 final tweaks
Update,fmt/1831,DR2 3100 final tweaks
Update,fmt/1832,DR2 3100 final tweaks
Update,fmt/1833,DR2 3100 final tweaks
Update,fmt/1834,DR2 3100 final tweaks
Update,fmt/1835,DR2 3100 final tweaks
Update,fmt/1836,DR2 3100 final tweaks
Update,fmt/1837,DR2 3100 final tweaks
Update,fmt/1838,DR2 3100 final tweaks
Update,fmt/1839,DR2 3100 final tweaks
Update,fmt/1840,DR2 3100 final tweaks
Update,fmt/1841,DR2 3100 final tweaks
Update,fmt/1842,DR2 3100 final tweaks
Update,fmt/1843,DR2 3100 final tweaks
Update,fmt/1844,DR2 3100 final tweaks
Update,fmt/1845,DR2 3100 final tweaks
Update,fmt/1846,DR2 3100 final tweaks
Update,fmt/1847,DR2 3100 final tweaks
Update,fmt/1848,DR2 3100 final tweaks
Update,fmt/1849,DR2 3100 final tweaks
Update,fmt/1850,DR2 3100 final tweaks
Update,fmt/1851,DR2 3100 final tweaks
Update,fmt/1852,DR2 3100 final tweaks
Update,fmt/1853,DR2 3100 final tweaks
Update,fmt/1854,DR2 3100 final tweaks
Update,fmt/1855,DR2 3100 final tweaks
Update,fmt/1856,DR2 3100 final tweaks
Update,fmt/1857,DR2 3100 final tweaks
Update,fmt/1858,DR2 3100 final tweaks
Update,fmt/1859,DR2 3100 final tweaks
Update,fmt/1860,DR2 3100 final tweaks
Update,fmt/1861,DR2 3100 final tweaks
Update,fmt/1862,DR2 3100 final tweaks
Update,fmt/1863,DR2 3100 final tweaks
Update,fmt/1864,DR2 3100 final tweaks
Update,fmt/1865,DR2 3100 final tweaks
Update,fmt/1866,DR2 3100 final tweaks
Update,fmt/1867,DR2 3100 final tweaks
Update,fmt/1868,DR2 3100 final tweaks
Update,fmt/1869,DR2 3100 final tweaks
Update,fmt/1870,DR2 3100 final tweaks
Update,fmt/1871,DR2 3100 final tweaks
Update,fmt/1872,DR2 3100 final tweaks
Update,fmt/1873,DR2 3100 final tweaks
Update,fmt/1874,DR2 3100 final tweaks
Update,fmt/1875,DR2 3100 final tweaks
Update,fmt/1876,DR2 3100 final tweaks
Update,fmt/1877,DR2 3100 final tweaks
Update,fmt/1878,DR2 3100 final tweaks
Update,fmt/1879,DR2 3100 final tweaks
Update,fmt/1880,DR2 3100 final tweaks
Update,fmt/1881,DR2 3100 final tweaks
Update,fmt/1882,DR2 3100 final tweaks
Update,fmt/1883,DR2 3100 final tweaks
Update,fmt/1884,DR2 3100 final tweaks
Update,fmt/1885,DR2 3100 final tweaks
Update,fmt/1886,DR2 3100 final tweaks
Update,fmt/1887,DR2 3100 final tweaks
Update,fmt/1888,DR2 3100 final tweaks
Update,fmt/1889,DR2 3100 final tweaks
Update,fmt/1890,DR2 3100 final tweaks
Update,fmt/1891,DR2 3100 final tweaks
Update,fmt/1892,DR2 3100 final tweaks
Update,fmt/1893,DR2 3100 final tweaks
Update,fmt/1894,DR2 3100 final tweaks
Update,fmt/1895,DR2 3100 final tweaks
Update,fmt/1896,DR2 3100 final tweaks
Update,fmt/1897,DR2 3100 final tweaks
Update,fmt/1898,DR2 3100 final tweaks
Update,fmt/1899,DR2 3100 final tweaks
Update,fmt/1900,DR2 3100 final tweaks
Update,fmt/1901,DR2 3100 final tweaks
Update,fmt/1902,DR2 3100 final tweaks
Update,fmt/1903,DR2 3100 final tweaks
Update,fmt/1904,DR2 3100 final tweaks
Update,fmt/1905,DR2 3100 final tweaks
Update,fmt/1906,DR2 3100 final tweaks
Update,fmt/1907,DR2 3100 final tweaks
Update,fmt/1908,DR2 3100 final tweaks
Update,fmt/1909,DR2 3100 final tweaks
Update,fmt/1910,DR2 3100 final tweaks
Update,fmt/1911,DR2 3100 final tweaks
Update,fmt/1912,DR2 3100 final tweaks
Update,fmt/1913,DR2 3100 final tweaks
Update,fmt/1914,DR2 3100 final tweaks
Update,fmt/1915,DR2 3100 final tweaks
Update,fmt/1916,DR2 3100 final tweaks
Update,fmt/1917,DR2 3100 final tweaks
Update,fmt/1918,DR2 3100 final tweaks
Update,fmt/1919,DR2 3100 final tweaks
Update,fmt/1920,DR2 3100 final tweaks
Update,fmt/1921,DR2 3100 final tweaks
Update,fmt/1922,DR2 3100 final tweaks
Update,fmt/1923,DR2 3100 final tweaks
Update,fmt/1924,DR2 3100 final tweaks
Update,fmt/1925,DR2 3100 final tweaks
Update,fmt/1926,DR2 3100 final tweaks
Update,fmt/1927,DR2 3100 final tweaks
Update,fmt/1928,DR2 3100 final tweaks
Update,fmt/1929,DR2 3100 final tweaks
Update,fmt/1930,DR2 3100 final tweaks
Update,fmt/1931,DR2 3100 final tweaks
Update,fmt/1932,DR2 3100 final tweaks
Update,fmt/1933,DR2 3100 final tweaks
Update,fmt/1934,DR2 3100 final tweaks
Update,fmt/1935,DR2 3100 final tweaks
Update,fmt/1936,DR2 3100 final tweaks
Update,fmt/1937,DR2 3100 final tweaks
Update,fmt/1938,DR2 3100 final tweaks
Update,fmt/1939,DR2 3100 final tweaks
Update,fmt/1940,DR2 3100 final tweaks
Update,fmt/1941,DR2 3100 final tweaks
Update,fmt/1942,DR2 3100 final tweaks
Update,fmt/1943,DR2 3100 final tweaks
Update,fmt/1944,DR2 3100 final tweaks
Update,fmt/1945,DR2 3100 final tweaks
Update,fmt/1946,DR2 3100 final tweaks
Update,fmt/1947,DR2 3100 final tweaks
Update,fmt/1948,DR2 3100 final tweaks
Update,fmt/1949,DR2 3100 final tweaks
Update,fmt/1950,DR2 3100 final tweaks
Update,fmt/1951,DR2 3100 final tweaks
Update,fmt/1952,DR2 3100 final tweaks
Update,fmt/1953,DR2 3100 final tweaks
Update,fmt/1954,DR2 3100 final tweaks
Update,fmt/1955,DR2 3100 final tweaks
Update,fmt/1956,DR2 3100 final tweaks
Update,fmt/1957,DR2 3100 final tweaks
Update,fmt/1958,DR2 3100 final tweaks
Update,fmt/1959,DR2 3100 final tweaks
Update,fmt/1960,DR2 3100 final tweaks
Update,fmt/1961,DR2 3100 final tweaks
Update,fmt/1962,DR2 3100 final tweaks
Update,fmt/1963,DR2 3100 final tweaks
Update,fmt/1964,DR2 3100 final tweaks
Update,fmt/1965,DR2 3100 final tweaks
Update,fmt/1966,DR2 3100 final tweaks
Update,fmt/1967,DR2 3100 final tweaks
Update,fmt/1968,DR2 3100 final tweaks
Update,fmt/1969,DR2 3100 final tweaks
Update,fmt/1970,DR2 3100 final tweaks
Update,fmt/1971,DR2 3100 final tweaks
Update,fmt/1972,DR2 3100 final tweaks
Update,fmt/1973,DR2 3100 final tweaks
Update,fmt/1974,DR2 3100 final tweaks
Update,fmt/1975,DR2 3100 final tweaks
Update,fmt/1976,DR2 3100 final tweaks
Update,fmt/1977,DR2 3100 final tweaks
Update,fmt/1978,DR2 3100 final tweaks
Update,fmt/1979,DR2 3100 final tweaks
Update,fmt/1980,DR2 3100 final tweaks
Update,fmt/1981,DR2 3100 final tweaks
Update,fmt/1982,DR2 3100 final tweaks
Update,fmt/1983,DR2 3100 final tweaks
Update,fmt/1984,DR2 3100 final tweaks
Update,fmt/1985,DR2 3100 final tweaks
Update,fmt/1986,DR2 3100 final tweaks
Update,fmt/1987,DR2 3100 final tweaks
Update,fmt/1988,DR2 3100 final tweaks
Update,fmt/1989,DR2 3100 final tweaks
Update,fmt/1990,DR2 3100 final tweaks
Update,fmt/1991,DR2 3100 final tweaks
Update,fmt/1992,DR2 3100 final tweaks
Update,fmt/1993,DR2 3100 final tweaks
Update,fmt/1994,DR2 3100 final tweaks
Update,fmt/1995,DR2 3100 final tweaks
Update,fmt/1996,DR2 3100 final tweaks
Update,fmt/1997,DR2 3100 final tweaks
Update,fmt/1998,DR2 3100 final tweaks
Update,fmt/1999,DR2 3100 final tweaks
Update,fmt/2000,DR2 3100 final tweaks
Update,fmt/2001,DR2 3100 final tweaks
Update,fmt/2002,DR2 3100 final tweaks
Update,fmt/2003,DR2 3100 final tweaks
Update,fmt/2004,DR2 3100 final tweaks
Update,fmt/2005,DR2 3100 final tweaks
Update,fmt/2006,DR2 3100 final tweaks
Update,fmt/2007,DR2 3100 final tweaks
Update,fmt/2008,DR2 3100 final tweaks
Update,fmt/2009,DR2 3100 final tweaks
Update,fmt/2010,DR2 3100 final tweaks
Update,fmt/2011,DR2 3100 final tweaks
Update,fmt/2012,DR2 3100 final tweaks
Update,fmt/2013,DR2 3100 final tweaks
Update,fmt/2014,DR2 3100 final tweaks
Update,fmt/2015,DR2 3100 final tweaks
Update,fmt/2016,DR2 3100 final tweaks
Update,fmt/2017,DR2 3100 final tweaks
Update,fmt/2018,DR2 3100 final tweaks
Update,fmt/2019,DR2 3100 final tweaks
Update,fmt/2020,DR2 3100 final tweaks
Update,fmt/2021,DR2 3100 final tweaks
Update,fmt/2022,DR2 3100 final tweaks
Update,fmt/2023,DR2 3100 final tweaks
Update,fmt/2024,DR2 3100 final tweaks
Update,fmt/2025,DR2 3100 final tweaks
Update,fmt/2026,DR2 3100 final tweaks
Update,fmt/2027,DR2 3100 final tweaks
Update,fmt/2028,DR2 3100 final tweaks
Update,fmt/2029,DR2 3100 final tweaks
Update,fmt/2030,DR2 3100 final tweaks
Update,fmt/2031,DR2 3100 final tweaks
Update,fmt/2032,DR2 3100 final tweaks
Update,fmt/2033,DR2 3100 final tweaks
Update,fmt/2034,DR2 3100 final tweaks
Update,fmt/2035,DR2 3100 final tweaks
Update,fmt/2036,DR2 3100 final tweaks
Update,fmt/2037,DR2 3100 final tweaks
Update,fmt/2038,DR2 3100 final tweaks
Update,fmt/2039,DR2 3100 final tweaks
Update,fmt/2040,DR2 3100 final tweaks
Update,fmt/2041,DR2 3100 final tweaks
Update,fmt/2042,DR2 3100 final tweaks
Update,fmt/2043,DR2 3100 final tweaks
Update,fmt/2044,DR2 3100 final tweaks
Update,fmt/2045,DR2 3100 final tweaks
Update,fmt/2046,DR2 3100 final tweaks
Update,fmt/2047,DR2 3100 final tweaks
Update,fmt/2048,DR2 3100 final tweaks
Update,fmt/2049,DR2 3100 final tweaks
Update,fmt/2050,DR2 3100 final tweaks
Update,fmt/2051,DR2 3100 final tweaks
Update,fmt/2052,DR2 3100 final tweaks
Update,fmt/2053,DR2 3100 final tweaks
Update,fmt/2054,DR2 3100 final tweaks
Update,fmt/2055,DR2 3100 final tweaks
Update,fmt/2056,DR2 3100 final tweaks
Update,fmt/2057,DR2 3100 final tweaks
Update,fmt/2058,DR2 3100 final tweaks
Update,fmt/2059,DR2 3100 final tweaks
Update,fmt/2060,DR2 3100 final tweaks
Update,fmt/2061,DR2 3100 final tweaks
Update,fmt/2062,DR2 3100 final tweaks
Update,fmt/2063,DR2 3100 final tweaks
Update,fmt/2064,DR2 3100 final tweaks
Update,fmt/2065,DR2 3100 final tweaks
Update,fmt/2066,DR2 3100 final tweaks
Update,fmt/2067,DR2 3100 final tweaks
Update,fmt/2068,DR2 3100 final tweaks
Update,fmt/2069,DR2 3100 final tweaks
Update,fmt/2070,DR2 3100 final tweaks
Update,fmt/2071,DR2 3100 final tweaks
Update,fmt/2072,DR2 3100 final tweaks
Update,fmt/2073,DR2 3100 final tweaks
Update,fmt/2074,DR2 3100 final tweaks
Update,fmt/2075,DR2 3100 final tweaks
Update,fmt/2076,DR2 3100 final tweaks
Update,fmt/2077,DR2 3100 final tweaks
Update,fmt/2078,DR2 3100 final tweaks
Update,fmt/2079,DR2 3100 final tweaks
Update,fmt/2080,DR2 3100 final tweaks
Update,fmt/2081,DR2 3100 final tweaks
Update,fmt/2082,DR2 3100 final tweaks
Update,fmt/2083,DR2 3100 final tweaks
Update,fmt/2084,DR2 3100 final tweaks
Update,fmt/2085,DR2 3100 final tweaks
Update,fmt/2086,DR2 3100 final tweaks
Update,fmt/2087,DR2 3100 final tweaks
Update,fmt/2088,DR2 3100 final tweaks
Update,fmt/2089,DR2 3100 final tweaks
Update,fmt/2090,DR2 3100 final tweaks
Update,fmt/2091,DR2 3100 final tweaks
Update,fmt/2092,DR2 3100 final tweaks
Update,fmt/2093,DR2 3100 final tweaks
Update,fmt/2094,DR2 3100 final tweaks
Update,fmt/2095,DR2 3100 final tweaks
Update,fmt/2096,DR2 3100 final tweaks
Update,fmt/2097,DR2 3100 final tweaks
Update,fmt/2098,DR2 3100 final tweaks
Update,fmt/2099,DR2 3100 final tweaks
Update,fmt/2100,DR2 3100 final tweaks
Update,fmt/2101,DR2 3100 final tweaks
Update,fmt/2102,DR2 3100 final tweaks
Update,fmt/2103,DR2 3100 final tweaks
Update,fmt/2104,DR2 3100 final tweaks
Update,fmt/2105,DR2 3100 final tweaks
Update,fmt/2106,DR2 3100 final tweaks
Update,fmt/2107,DR2 3100 final tweaks
Update,fmt/2108,DR2 3100 final tweaks
Update,fmt/2109,DR2 3100 final tweaks
Update,fmt/2110,DR2 3100 final tweaks
Update,fmt/2111,DR2 3100 final tweaks
Update,fmt/2112,DR2 3100 final tweaks
Update,fmt/2113,DR2 3100 final tweaks
Update,fmt/2114,DR2 3100 final tweaks
Update,fmt/2115,DR2 3100 final tweaks
Update,fmt/2116,DR2 3100 final tweaks
Update,fmt/2117,DR2 3100 final tweaks
Update,fmt/2118,DR2 3100 final tweaks
